{"stats":{"minecraft:crafted":{"minecraft:cobbled_deepslate_slab":12,"minecraft:stone_shovel":1,"minecraft:stone_brick_wall":2,"minecraft:furnace":4,"minecraft:dark_oak_trapdoor":10,"minecraft:stone":540,"minecraft:dark_oak_fence":6,"minecraft:spruce_stairs":64,"minecraft:iron_axe":6,"minecraft:iron_hoe":1,"minecraft:spruce_slab":60,"minecraft:stone_pickaxe":2,"minecraft:chest":2,"minecraft:spruce_boat":2,"minecraft:dark_oak_planks":84,"minecraft:stone_bricks":184,"minecraft:wheat":189,"minecraft:cooked_beef":7,"biomesoplenty:fir_boat":1,"minecraft:crafting_table":7,"minecraft:spruce_planks":720,"minecraft:wooden_pickaxe":2,"minecraft:spruce_door":3,"minecraft:stone_axe":5,"minecraft:bread":64,"minecraft:air":0,"biomesoplenty:fir_planks":8,"minecraft:stone_brick_stairs":17,"minecraft:spruce_trapdoor":96,"minecraft:dark_oak_slab":84,"minecraft:stick":20,"minecraft:iron_ingot":21,"minecraft:iron_pickaxe":5,"minecraft:wooden_axe":5,"minecraft:iron_shovel":3,"minecraft:torch":24},"minecraft:picked_up":{"minecraft:crafting_table":6,"minecraft:wheat":7,"minecraft:azure_bluet":1,"minecraft:stone_brick_stairs":6,"minecraft:amethyst_block":9,"minecraft:raw_copper":9,"minecraft:string":8,"minecraft:dark_oak_trapdoor":2,"minecraft:iron_axe":2,"minecraft:smooth_stone_slab":4,"minecraft:armor_stand":2,"minecraft:oak_sign":1,"minecraft:cobbled_deepslate":143,"minecraft:smooth_stone":23,"minecraft:spruce_planks":60,"minecraft:beef":7,"minecraft:rose_bush":57,"minecraft:poppy":4,"minecraft:spruce_slab":1,"minecraft:lectern":1,"minecraft:spruce_trapdoor":49,"minecraft:dark_oak_door":1,"minecraft:stick":99,"minecraft:raw_iron":121,"minecraft:sandstone":3,"naturalist:duck":1,"minecraft:torch":7,"minecraft:green_bed":1,"minecraft:spruce_stairs":14,"minecraft:lightning_rod":1,"minecraft:pointed_dripstone":8,"minecraft:diorite":37,"minecraft:goat_horn":1,"minecraft:dark_oak_planks":5,"minecraft:tnt":6,"minecraft:arrow":25,"minecraft:rotten_flesh":19,"minecraft:hay_block":21,"minecraft:red_tulip":2,"minecraft:stripped_dark_oak_wood":21,"minecraft:saddle":1,"minecraft:rail":32,"minecraft:cod":2,"minecraft:skeleton_skull":1,"minecraft:cobblestone":772,"minecraft:stripped_oak_log":2,"minecraft:feather":4,"minecraft:lilac":2,"minecraft:andesite":19,"minecraft:leather":7,"minecraft:smoker":2,"minecraft:potato":1,"biomesoplenty:fir_log":28,"minecraft:oak_log":418,"minecraft:gunpowder":5,"minecraft:lapis_lazuli":33,"minecraft:dirt":842,"minecraft:lantern":7,"minecraft:white_banner":6,"minecraft:oak_planks":3,"minecraft:bone":7,"minecraft:raw_gold":15,"minecraft:apple":4,"minecraft:stone_bricks":377,"minecraft:kelp":1,"minecraft:stonecutter":2,"minecraft:wheat_seeds":39,"minecraft:orange_tulip":1,"biomesoplenty:fir_boat":7,"minecraft:cobbled_deepslate_slab":1,"minecraft:grindstone":1,"minecraft:iron_ingot":7,"minecraft:stripped_oak_wood":3,"minecraft:mossy_stone_bricks":2,"minecraft:book":30,"minecraft:dark_oak_slab":2,"minecraft:dandelion":2,"minecraft:gravel":2,"minecraft:amethyst_shard":68,"minecraft:sand":4,"minecraft:stripped_spruce_log":55,"minecraft:spruce_sapling":103,"minecraft:blast_furnace":6,"minecraft:spruce_log":434,"minecraft:lily_of_the_valley":6,"minecraft:spruce_door":2,"naturalist:duck_egg":1,"minecraft:pumpkin_seeds":14,"minecraft:dried_kelp_block":20,"minecraft:purple_bed":7,"minecraft:diamond":4,"minecraft:spruce_boat":1,"minecraft:stone_axe":1,"minecraft:writable_book":1,"minecraft:granite":18,"minecraft:crossbow":2,"minecraft:emerald":35,"minecraft:bread":1,"minecraft:oak_sapling":22,"minecraft:bricks":4,"minecraft:coal":154,"minecraft:sunflower":35},"minecraft:broken":{"minecraft:iron_shovel":2,"minecraft:iron_boots":1,"minecraft:stone_pickaxe":2,"minecraft:iron_axe":7,"minecraft:stone_axe":5,"minecraft:iron_pickaxe":6,"minecraft:iron_helmet":1,"minecraft:wooden_axe":5,"minecraft:stone_shovel":1},"minecraft:mined":{"minecraft:dark_oak_planks":4,"minecraft:large_amethyst_bud":1,"minecraft:spruce_planks":10,"minecraft:deepslate_diamond_ore":4,"minecraft:brewing_stand":1,"minecraft:granite":18,"minecraft:spruce_trapdoor":51,"gravestone:gravestone":11,"minecraft:cobbled_deepslate_slab":1,"minecraft:grass_block":689,"minecraft:spruce_leaves":164,"minecraft:kelp":1,"minecraft:sandstone":3,"minecraft:spawner":1,"minecraft:hay_block":21,"minecraft:large_fern":1,"minecraft:smooth_stone":23,"minecraft:dark_oak_trapdoor":2,"minecraft:iron_ore":53,"minecraft:andesite":18,"minecraft:stripped_spruce_log":54,"minecraft:deepslate_lapis_ore":3,"minecraft:stripped_dark_oak_wood":22,"minecraft:azure_bluet":1,"minecraft:small_amethyst_bud":1,"minecraft:rail":32,"minecraft:bookshelf":10,"minecraft:red_tulip":2,"minecraft:potatoes":1,"minecraft:deepslate_iron_ore":68,"biomesoplenty:rainbow_birch_leaves":4,"biomesoplenty:webbing":2,"minecraft:lantern":6,"minecraft:stripped_oak_log":2,"biomesoplenty:spider_egg":1,"minecraft:white_tulip":1,"minecraft:stone":771,"minecraft:bone_block":1,"minecraft:spruce_slab":1,"minecraft:green_bed":1,"minecraft:lily_of_the_valley":5,"minecraft:smoker":2,"minecraft:amethyst_cluster":18,"minecraft:dandelion":1,"minecraft:spruce_door":2,"minecraft:crafting_table":6,"minecraft:torch":2,"minecraft:blast_furnace":6,"minecraft:lapis_ore":1,"minecraft:poppy":3,"minecraft:rose_bush":60,"minecraft:lectern":1,"minecraft:deepslate_gold_ore":15,"minecraft:copper_ore":4,"minecraft:lightning_rod":1,"biomesoplenty:sprout":95,"minecraft:dried_kelp_block":20,"minecraft:grindstone":1,"minecraft:oak_planks":3,"minecraft:bricks":4,"minecraft:wall_torch":3,"minecraft:amethyst_block":13,"minecraft:diorite":40,"minecraft:spruce_stairs":14,"minecraft:purple_bed":6,"minecraft:dark_oak_door":1,"minecraft:wheat":10,"minecraft:lilac":2,"minecraft:spruce_log":436,"biomesoplenty:maple_leaves":1,"minecraft:orange_tulip":1,"minecraft:stone_brick_stairs":6,"biomesoplenty:fir_log":28,"minecraft:smooth_stone_slab":4,"minecraft:grass":97,"minecraft:oak_log":420,"minecraft:coal_ore":156,"minecraft:gravel":2,"minecraft:dirt":140,"minecraft:sunflower":32,"minecraft:sand":4,"biomesoplenty:stringy_cobweb":1,"minecraft:cobweb":1,"minecraft:cracked_stone_bricks":5,"minecraft:stonecutter":2,"minecraft:stone_bricks":373,"minecraft:deepslate":151,"minecraft:chipped_anvil":1,"minecraft:mossy_stone_bricks":3,"minecraft:oak_leaves":310,"minecraft:fern":1},"minecraft:killed_by":{"minecraft:player":9,"minecraft:vindicator":2},"minecraft:dropped":{"minecraft:iron_ingot":5,"minecraft:bread":2,"minecraft:dark_oak_slab":2,"minecraft:feather":4,"minecraft:amethyst_block":6,"minecraft:dried_kelp_block":2,"minecraft:dirt":1,"minecraft:amethyst_shard":4,"gravestone:obituary":2,"minecraft:sunflower":3,"minecraft:iron_axe":1,"minecraft:stripped_oak_wood":3,"minecraft:iron_shovel":1,"minecraft:dandelion":1,"naturalist:duck_egg":1,"minecraft:stone_axe":1,"minecraft:goat_horn":1,"minecraft:raw_copper":9,"minecraft:pointed_dripstone":8,"minecraft:rotten_flesh":9,"minecraft:azure_bluet":1,"minecraft:oak_sign":1,"minecraft:lily_of_the_valley":1,"minecraft:poppy":1,"minecraft:gunpowder":4,"minecraft:spruce_planks":29,"minecraft:purple_bed":1,"minecraft:oak_sapling":11,"minecraft:arrow":2,"minecraft:wooden_pickaxe":1},"minecraft:killed":{"minecraft:cave_spider":3,"minecraft:spider":3,"minecraft:vindicator":6,"naturalist:duck":1,"minecraft:skeleton":5,"minecraft:creeper":3,"minecraft:pillager":22,"minecraft:zombie":11,"minecraft:cow":4},"minecraft:used":{"minecraft:stone_sword":59,"minecraft:iron_shovel":722,"minecraft:armor_stand":1,"minecraft:spruce_slab":45,"minecraft:stone_shovel":135,"minecraft:chest":2,"minecraft:spruce_planks":41,"minecraft:stone":45,"minecraft:iron_chestplate":1,"minecraft:torch":28,"minecraft:dirt":585,"minecraft:lily_of_the_valley":1,"minecraft:spruce_stairs":76,"minecraft:granite":17,"minecraft:stripped_spruce_log":2,"minecraft:dark_oak_planks":7,"minecraft:wooden_axe":269,"minecraft:spruce_boat":3,"minecraft:lantern":11,"minecraft:iron_axe":1226,"minecraft:iron_helmet":2,"minecraft:dark_oak_slab":14,"minecraft:stone_brick_stairs":39,"minecraft:stone_bricks":587,"minecraft:oak_sapling":4,"minecraft:goat_horn":3,"minecraft:furnace":4,"minecraft:potato":5,"minecraft:cooked_beef":6,"minecraft:cobbled_deepslate":5,"minecraft:diorite":16,"minecraft:amethyst_block":3,"minecraft:spruce_door":3,"minecraft:stone_pickaxe":264,"minecraft:oak_planks":3,"minecraft:baked_potato":19,"minecraft:orange_tulip":1,"minecraft:wooden_pickaxe":28,"biomesoplenty:fir_planks":2,"minecraft:sandstone":3,"biomesoplenty:fir_boat":8,"minecraft:blue_bed":1,"minecraft:stonecutter":2,"minecraft:green_bed":1,"minecraft:dark_oak_trapdoor":12,"minecraft:sand":4,"minecraft:crafting_table":13,"minecraft:blast_furnace":6,"minecraft:crossbow":44,"minecraft:stone_brick_wall":2,"minecraft:spruce_log":278,"minecraft:smoker":2,"minecraft:dark_oak_door":1,"minecraft:oak_log":411,"minecraft:apple":1,"minecraft:bread":114,"minecraft:iron_pickaxe":1540,"minecraft:spruce_trapdoor":123,"minecraft:stone_axe":605,"minecraft:cobblestone":19,"minecraft:cobbled_deepslate_slab":1,"minecraft:purple_bed":6,"minecraft:grindstone":1,"minecraft:dark_oak_fence":4,"minecraft:andesite":3,"minecraft:stripped_oak_log":2,"minecraft:dandelion":1,"minecraft:smooth_stone":12},"minecraft:custom":{"minecraft:interact_with_smithing_table":1,"minecraft:mob_kills":59,"minecraft:interact_with_crafting_table":79,"minecraft:open_barrel":9,"minecraft:eat_cake_slice":3,"minecraft:leave_game":14,"minecraft:time_since_death":165312,"minecraft:climb_one_cm":8085,"minecraft:sprint_one_cm":1732643,"minecraft:walk_one_cm":1715648,"minecraft:drop":43,"minecraft:talked_to_villager":7,"minecraft:raid_win":1,"minecraft:play_time":670039,"minecraft:deaths":11,"minecraft:sneak_time":10395,"minecraft:walk_under_water_one_cm":23963,"minecraft:boat_one_cm":835714,"minecraft:jump":9301,"minecraft:interact_with_blast_furnace":23,"minecraft:walk_on_water_one_cm":36298,"minecraft:total_world_time":670039,"minecraft:interact_with_furnace":96,"minecraft:raid_trigger":2,"minecraft:interact_with_stonecutter":17,"minecraft:sleep_in_bed":45,"minecraft:time_since_rest":56912,"minecraft:damage_taken":7507,"minecraft:damage_dealt":12741,"minecraft:player_kills":2,"minecraft:swim_one_cm":41829,"minecraft:fly_one_cm":1777470,"minecraft:open_chest":148,"minecraft:crouch_one_cm":28966,"minecraft:interact_with_smoker":3,"minecraft:fall_one_cm":249998}},"DataVersion":3465}