{"stats":{"minecraft:crafted":{"minecraft:stone_shovel":1,"minecraft:furnace":1,"minecraft:iron_axe":1,"minecraft:iron_hoe":1,"minecraft:stone_pickaxe":1,"minecraft:chest":1,"minecraft:spruce_boat":2,"minecraft:wheat":189,"minecraft:cooked_beef":7,"biomesoplenty:fir_boat":1,"minecraft:crafting_table":6,"minecraft:spruce_planks":76,"minecraft:wooden_pickaxe":1,"minecraft:stone_axe":1,"minecraft:bread":64,"minecraft:air":0,"biomesoplenty:fir_planks":8,"minecraft:stick":16,"minecraft:iron_ingot":5,"minecraft:wooden_axe":1,"minecraft:iron_shovel":2},"minecraft:picked_up":{"minecraft:crafting_table":2,"minecraft:wheat":7,"minecraft:azure_bluet":1,"minecraft:smooth_stone_slab":4,"minecraft:armor_stand":2,"minecraft:oak_sign":1,"minecraft:spruce_planks":58,"minecraft:beef":7,"minecraft:rose_bush":57,"minecraft:poppy":3,"minecraft:spruce_slab":1,"minecraft:lectern":1,"naturalist:duck":1,"minecraft:stick":8,"minecraft:raw_iron":5,"minecraft:sandstone":3,"minecraft:torch":1,"minecraft:lightning_rod":1,"minecraft:goat_horn":1,"minecraft:dark_oak_planks":5,"minecraft:tnt":6,"minecraft:arrow":5,"minecraft:rotten_flesh":1,"minecraft:hay_block":21,"minecraft:red_tulip":1,"minecraft:cod":2,"minecraft:skeleton_skull":1,"minecraft:cobblestone":19,"minecraft:feather":4,"minecraft:leather":7,"minecraft:potato":1,"biomesoplenty:fir_log":28,"minecraft:oak_log":7,"minecraft:gunpowder":5,"minecraft:dirt":486,"minecraft:white_banner":1,"minecraft:apple":2,"minecraft:stone_bricks":10,"minecraft:kelp":1,"minecraft:wheat_seeds":39,"biomesoplenty:fir_boat":7,"minecraft:book":30,"minecraft:sand":4,"minecraft:spruce_sapling":4,"minecraft:blast_furnace":2,"minecraft:spruce_log":11,"minecraft:lily_of_the_valley":4,"minecraft:pumpkin_seeds":14,"minecraft:purple_bed":5,"minecraft:dried_kelp_block":20,"minecraft:spruce_boat":1,"minecraft:writable_book":1,"minecraft:crossbow":1,"minecraft:emerald":2,"minecraft:oak_sapling":10,"minecraft:bricks":3,"minecraft:sunflower":19},"minecraft:broken":{"minecraft:iron_shovel":1,"minecraft:stone_axe":1,"minecraft:wooden_axe":1,"minecraft:stone_shovel":1},"minecraft:mined":{"minecraft:dark_oak_planks":4,"minecraft:spruce_planks":8,"minecraft:brewing_stand":1,"minecraft:spruce_trapdoor":1,"gravestone:gravestone":1,"minecraft:grass_block":473,"minecraft:spruce_leaves":5,"minecraft:kelp":1,"minecraft:sandstone":3,"minecraft:hay_block":21,"minecraft:iron_ore":5,"minecraft:azure_bluet":1,"minecraft:red_tulip":1,"minecraft:bookshelf":10,"minecraft:potatoes":1,"biomesoplenty:rainbow_birch_leaves":4,"minecraft:stone":18,"minecraft:spruce_slab":1,"minecraft:lily_of_the_valley":3,"minecraft:crafting_table":2,"minecraft:blast_furnace":2,"minecraft:poppy":2,"minecraft:rose_bush":60,"minecraft:lectern":1,"minecraft:lightning_rod":1,"biomesoplenty:sprout":69,"minecraft:dried_kelp_block":20,"minecraft:bricks":3,"minecraft:purple_bed":4,"minecraft:wheat":10,"minecraft:spruce_log":11,"biomesoplenty:maple_leaves":1,"biomesoplenty:fir_log":28,"minecraft:smooth_stone_slab":4,"minecraft:grass":72,"minecraft:oak_log":7,"minecraft:sunflower":17,"minecraft:sand":4,"minecraft:dirt":16,"minecraft:oak_leaves":235,"minecraft:fern":1},"minecraft:dropped":{"minecraft:feather":4,"minecraft:dried_kelp_block":2,"minecraft:sunflower":1,"minecraft:goat_horn":1,"minecraft:rotten_flesh":1,"minecraft:oak_sign":1,"minecraft:lily_of_the_valley":1,"minecraft:gunpowder":4,"minecraft:spruce_planks":29,"minecraft:purple_bed":1,"minecraft:wooden_pickaxe":1},"minecraft:killed":{"minecraft:vindicator":3,"naturalist:duck":1,"minecraft:creeper":1,"minecraft:pillager":11,"minecraft:zombie":1,"minecraft:cow":4},"minecraft:used":{"minecraft:iron_shovel":479,"minecraft:stone_shovel":135,"minecraft:spruce_planks":11,"minecraft:chest":1,"minecraft:iron_chestplate":1,"minecraft:dirt":191,"minecraft:spruce_boat":3,"minecraft:dark_oak_planks":3,"minecraft:wooden_axe":33,"minecraft:iron_axe":17,"minecraft:iron_helmet":1,"minecraft:goat_horn":3,"minecraft:furnace":1,"minecraft:potato":5,"minecraft:stone_pickaxe":22,"minecraft:wooden_pickaxe":28,"minecraft:sandstone":3,"biomesoplenty:fir_planks":2,"biomesoplenty:fir_boat":7,"minecraft:blue_bed":1,"minecraft:sand":4,"minecraft:crafting_table":8,"minecraft:blast_furnace":1,"minecraft:crossbow":5,"minecraft:bread":29,"minecraft:stone_axe":84,"minecraft:purple_bed":4},"minecraft:custom":{"minecraft:mob_kills":21,"minecraft:interact_with_crafting_table":21,"minecraft:open_barrel":6,"minecraft:leave_game":1,"minecraft:time_since_death":140111,"minecraft:climb_one_cm":3390,"minecraft:sprint_one_cm":301528,"minecraft:walk_one_cm":344666,"minecraft:drop":11,"minecraft:talked_to_villager":3,"minecraft:play_time":140111,"minecraft:sneak_time":560,"minecraft:walk_under_water_one_cm":11988,"minecraft:boat_one_cm":482464,"minecraft:jump":1715,"minecraft:interact_with_blast_furnace":5,"minecraft:walk_on_water_one_cm":14066,"minecraft:total_world_time":140111,"minecraft:interact_with_furnace":4,"minecraft:raid_trigger":1,"minecraft:sleep_in_bed":10,"minecraft:time_since_rest":5284,"minecraft:damage_taken":997,"minecraft:damage_dealt":3152,"minecraft:swim_one_cm":31464,"minecraft:fly_one_cm":330249,"minecraft:open_chest":45,"minecraft:crouch_one_cm":1375,"minecraft:fall_one_cm":51328}},"DataVersion":3465}