{"stats":{"minecraft:crafted":{"minecraft:stone_shovel":1,"minecraft:furnace":1,"minecraft:stone":16,"minecraft:iron_axe":1,"minecraft:iron_hoe":1,"minecraft:stone_pickaxe":1,"minecraft:chest":1,"minecraft:spruce_boat":2,"minecraft:stone_bricks":16,"minecraft:wheat":189,"minecraft:cooked_beef":7,"biomesoplenty:fir_boat":1,"minecraft:crafting_table":6,"minecraft:spruce_planks":76,"minecraft:wooden_pickaxe":1,"minecraft:stone_axe":1,"minecraft:bread":64,"minecraft:air":0,"biomesoplenty:fir_planks":8,"minecraft:stick":16,"minecraft:iron_ingot":5,"minecraft:wooden_axe":1,"minecraft:iron_shovel":3},"minecraft:picked_up":{"minecraft:crafting_table":3,"minecraft:wheat":7,"minecraft:azure_bluet":1,"minecraft:smooth_stone_slab":4,"minecraft:armor_stand":2,"minecraft:oak_sign":1,"minecraft:spruce_planks":58,"minecraft:beef":7,"minecraft:rose_bush":57,"minecraft:poppy":4,"minecraft:spruce_slab":1,"minecraft:lectern":1,"naturalist:duck":1,"minecraft:stick":8,"minecraft:raw_iron":5,"minecraft:sandstone":3,"minecraft:torch":1,"minecraft:lightning_rod":1,"minecraft:goat_horn":1,"minecraft:dark_oak_planks":5,"minecraft:tnt":6,"minecraft:arrow":5,"minecraft:rotten_flesh":1,"minecraft:hay_block":21,"minecraft:red_tulip":2,"minecraft:cod":2,"minecraft:skeleton_skull":1,"minecraft:cobblestone":52,"minecraft:feather":4,"minecraft:lilac":2,"minecraft:leather":7,"minecraft:potato":1,"biomesoplenty:fir_log":28,"minecraft:oak_log":7,"minecraft:gunpowder":5,"minecraft:dirt":637,"minecraft:white_banner":1,"minecraft:apple":3,"minecraft:stone_bricks":10,"minecraft:kelp":1,"minecraft:wheat_seeds":39,"biomesoplenty:fir_boat":7,"minecraft:book":30,"minecraft:dandelion":1,"minecraft:sand":4,"minecraft:spruce_sapling":4,"minecraft:blast_furnace":2,"minecraft:spruce_log":11,"minecraft:lily_of_the_valley":5,"minecraft:pumpkin_seeds":14,"minecraft:dried_kelp_block":20,"minecraft:purple_bed":6,"minecraft:spruce_boat":1,"minecraft:writable_book":1,"minecraft:crossbow":1,"minecraft:emerald":2,"minecraft:oak_sapling":10,"minecraft:bricks":3,"minecraft:sunflower":31},"minecraft:broken":{"minecraft:iron_shovel":2,"minecraft:stone_axe":1,"minecraft:wooden_axe":1,"minecraft:stone_shovel":1},"minecraft:mined":{"minecraft:dark_oak_planks":4,"minecraft:spruce_planks":8,"minecraft:brewing_stand":1,"minecraft:spruce_trapdoor":1,"gravestone:gravestone":1,"minecraft:grass_block":590,"minecraft:spruce_leaves":5,"minecraft:kelp":1,"minecraft:sandstone":3,"minecraft:hay_block":21,"minecraft:iron_ore":5,"minecraft:azure_bluet":1,"minecraft:red_tulip":2,"minecraft:bookshelf":10,"minecraft:potatoes":1,"biomesoplenty:rainbow_birch_leaves":4,"minecraft:stone":51,"minecraft:spruce_slab":1,"minecraft:lily_of_the_valley":4,"minecraft:dandelion":1,"minecraft:crafting_table":3,"minecraft:blast_furnace":2,"minecraft:poppy":3,"minecraft:rose_bush":60,"minecraft:lectern":1,"minecraft:lightning_rod":1,"minecraft:dried_kelp_block":20,"biomesoplenty:sprout":80,"minecraft:bricks":3,"minecraft:purple_bed":5,"minecraft:wheat":10,"minecraft:lilac":2,"minecraft:spruce_log":11,"biomesoplenty:maple_leaves":1,"biomesoplenty:fir_log":28,"minecraft:smooth_stone_slab":4,"minecraft:grass":82,"minecraft:oak_log":7,"minecraft:sunflower":29,"minecraft:sand":4,"minecraft:dirt":46,"minecraft:oak_leaves":240,"minecraft:fern":1},"minecraft:dropped":{"minecraft:feather":4,"minecraft:dirt":1,"minecraft:dried_kelp_block":2,"minecraft:sunflower":1,"minecraft:goat_horn":1,"minecraft:rotten_flesh":1,"minecraft:oak_sign":1,"minecraft:lily_of_the_valley":1,"minecraft:gunpowder":4,"minecraft:spruce_planks":29,"minecraft:purple_bed":1,"minecraft:wooden_pickaxe":1},"minecraft:killed":{"minecraft:vindicator":3,"naturalist:duck":1,"minecraft:creeper":1,"minecraft:pillager":11,"minecraft:zombie":1,"minecraft:cow":4},"minecraft:used":{"minecraft:iron_shovel":616,"minecraft:stone_shovel":135,"minecraft:chest":1,"minecraft:spruce_planks":11,"minecraft:iron_chestplate":1,"minecraft:dirt":372,"minecraft:dark_oak_planks":3,"minecraft:spruce_boat":3,"minecraft:wooden_axe":33,"minecraft:iron_axe":17,"minecraft:iron_helmet":1,"minecraft:stone_bricks":14,"minecraft:furnace":1,"minecraft:goat_horn":3,"minecraft:potato":5,"minecraft:stone_pickaxe":55,"minecraft:wooden_pickaxe":28,"minecraft:sandstone":3,"biomesoplenty:fir_planks":2,"biomesoplenty:fir_boat":7,"minecraft:blue_bed":1,"minecraft:sand":4,"minecraft:crafting_table":9,"minecraft:blast_furnace":1,"minecraft:crossbow":5,"minecraft:bread":31,"minecraft:stone_axe":84,"minecraft:purple_bed":5},"minecraft:custom":{"minecraft:mob_kills":21,"minecraft:interact_with_crafting_table":26,"minecraft:open_barrel":6,"minecraft:leave_game":4,"minecraft:time_since_death":187892,"minecraft:climb_one_cm":3390,"minecraft:sprint_one_cm":359317,"minecraft:walk_one_cm":451365,"minecraft:drop":12,"minecraft:talked_to_villager":3,"minecraft:play_time":187892,"minecraft:sneak_time":726,"minecraft:walk_under_water_one_cm":11988,"minecraft:boat_one_cm":482464,"minecraft:jump":2241,"minecraft:interact_with_blast_furnace":8,"minecraft:walk_on_water_one_cm":14280,"minecraft:total_world_time":187892,"minecraft:interact_with_furnace":12,"minecraft:raid_trigger":1,"minecraft:sleep_in_bed":13,"minecraft:time_since_rest":9043,"minecraft:damage_taken":997,"minecraft:damage_dealt":3182,"minecraft:swim_one_cm":31464,"minecraft:fly_one_cm":432505,"minecraft:open_chest":48,"minecraft:crouch_one_cm":2086,"minecraft:fall_one_cm":64996}},"DataVersion":3465}