{"stats":{"minecraft:crafted":{"minecraft:cut_sandstone":1,"minecraft:stone":560,"minecraft:glass":85,"minecraft:iron_boots":1,"minecraft:chest":3,"minecraft:stone_bricks":184,"minecraft:deepslate":2,"minecraft:crafting_table":9,"minecraft:spruce_planks":1622,"minecraft:wooden_pickaxe":2,"minecraft:spruce_door":3,"biomesoplenty:fir_planks":8,"minecraft:stone_brick_stairs":21,"minecraft:spruce_trapdoor":96,"minecraft:dark_oak_slab":144,"minecraft:iron_chestplate":1,"minecraft:diamond_pickaxe":1,"minecraft:stick":20,"minecraft:iron_pickaxe":7,"minecraft:iron_ingot":155,"minecraft:gold_ingot":15,"minecraft:sandstone":1,"minecraft:dark_oak_fence_gate":12,"minecraft:spruce_fence_gate":6,"minecraft:deepslate_tile_slab":12,"minecraft:cobbled_deepslate_slab":12,"minecraft:stone_shovel":2,"minecraft:stone_brick_wall":2,"minecraft:furnace":4,"minecraft:dark_oak_trapdoor":10,"minecraft:bone_meal":36,"minecraft:spruce_fence":6,"minecraft:glass_pane":64,"minecraft:scaffolding":6,"minecraft:dark_oak_fence":6,"minecraft:spruce_stairs":100,"minecraft:iron_axe":10,"minecraft:spruce_slab":240,"minecraft:iron_hoe":1,"minecraft:stone_pickaxe":3,"minecraft:spruce_boat":2,"minecraft:dark_oak_planks":244,"minecraft:wheat":261,"minecraft:cooked_beef":7,"biomesoplenty:fir_boat":1,"minecraft:dark_oak_stairs":68,"biomesoplenty:redwood_planks":8,"minecraft:stone_axe":9,"minecraft:bread":88,"minecraft:air":0,"minecraft:wooden_axe":5,"minecraft:iron_shovel":3,"minecraft:iron_leggings":1,"minecraft:torch":148},"minecraft:picked_up":{"minecraft:wheat":8,"minecraft:stone_brick_stairs":9,"minecraft:brewing_stand":1,"minecraft:amethyst_block":9,"minecraft:dark_oak_trapdoor":2,"minecraft:string":8,"minecraft:raw_copper":9,"minecraft:smooth_stone_slab":4,"minecraft:armor_stand":2,"minecraft:oak_sign":1,"minecraft:cobbled_deepslate":281,"minecraft:smooth_stone":23,"minecraft:spruce_planks":78,"minecraft:rose_bush":58,"biomesoplenty:redwood_wood":2,"minecraft:dark_oak_door":5,"minecraft:stick":203,"minecraft:green_bed":1,"minecraft:torch":45,"minecraft:spruce_stairs":15,"minecraft:lightning_rod":3,"minecraft:pointed_dripstone":8,"minecraft:diorite":41,"minecraft:goat_horn":1,"minecraft:rotten_flesh":25,"minecraft:red_tulip":2,"minecraft:obsidian":22,"minecraft:cod":2,"minecraft:cobblestone":830,"minecraft:feather":4,"minecraft:lilac":6,"minecraft:andesite":26,"minecraft:smoker":2,"minecraft:potato":1,"biomesoplenty:fir_log":28,"minecraft:tuff":2,"minecraft:lapis_lazuli":33,"minecraft:dirt":945,"minecraft:lantern":28,"minecraft:bone":16,"minecraft:stonecutter":2,"minecraft:orange_tulip":1,"minecraft:wheat_seeds":49,"biomesoplenty:fir_boat":7,"minecraft:raw_gold":15,"minecraft:cobbled_deepslate_slab":12,"minecraft:grindstone":1,"minecraft:mossy_stone_bricks":2,"minecraft:bamboo":128,"travelersbackpack:gold":1,"minecraft:oak_planks":3,"minecraft:sand":93,"minecraft:stripped_spruce_log":72,"minecraft:lily_of_the_valley":6,"minecraft:dark_oak_log":40,"naturalist:duck_egg":2,"minecraft:diamond":11,"minecraft:spruce_boat":1,"minecraft:writable_book":2,"minecraft:crossbow":2,"minecraft:granite":20,"minecraft:bread":42,"minecraft:emerald":35,"minecraft:oak_sapling":28,"minecraft:dark_oak_fence":1,"minecraft:bricks":4,"minecraft:crafting_table":6,"minecraft:azure_bluet":1,"minecraft:ladder":23,"minecraft:iron_axe":3,"minecraft:beef":7,"minecraft:poppy":7,"minecraft:spruce_slab":4,"minecraft:lectern":2,"minecraft:spruce_trapdoor":57,"minecraft:raw_iron":155,"minecraft:sandstone":4,"naturalist:duck":1,"minecraft:dark_oak_planks":5,"minecraft:tnt":14,"minecraft:arrow":39,"minecraft:hay_block":29,"minecraft:stripped_dark_oak_wood":21,"minecraft:saddle":2,"minecraft:mutton":2,"minecraft:white_wool":1,"minecraft:skeleton_skull":1,"minecraft:rail":32,"minecraft:bone_block":512,"minecraft:oxeye_daisy":1,"minecraft:stripped_oak_log":2,"minecraft:cut_sandstone":1,"minecraft:leather":7,"minecraft:oak_log":421,"minecraft:gunpowder":5,"minecraft:white_banner":6,"minecraft:red_carpet":4,"minecraft:apple":5,"minecraft:stone_bricks":382,"minecraft:kelp":1,"minecraft:iron_ingot":7,"minecraft:stripped_oak_wood":3,"minecraft:dark_oak_stairs":2,"minecraft:book":51,"minecraft:dark_oak_slab":2,"minecraft:dandelion":3,"minecraft:dripstone_block":4,"minecraft:gravel":6,"minecraft:amethyst_shard":68,"minecraft:spruce_sapling":240,"minecraft:blast_furnace":6,"minecraft:spruce_log":1293,"minecraft:dark_oak_fence_gate":3,"minecraft:spruce_door":3,"minecraft:pumpkin_seeds":14,"minecraft:dried_kelp_block":20,"minecraft:purple_bed":8,"minecraft:stone_axe":1,"minecraft:coal":214,"minecraft:ender_pearl":1,"minecraft:sunflower":36},"minecraft:broken":{"minecraft:iron_shovel":2,"minecraft:iron_boots":1,"minecraft:stone_pickaxe":2,"minecraft:stone_axe":8,"minecraft:wooden_axe":5,"minecraft:stone_shovel":1,"minecraft:iron_axe":12,"minecraft:iron_pickaxe":8,"minecraft:iron_helmet":1},"minecraft:mined":{"minecraft:dark_oak_planks":4,"minecraft:large_amethyst_bud":1,"minecraft:spruce_planks":26,"minecraft:brewing_stand":2,"minecraft:obsidian":22,"minecraft:spruce_trapdoor":59,"minecraft:granite":20,"minecraft:grass_block":691,"minecraft:spawner":1,"minecraft:smooth_stone":23,"minecraft:dark_oak_trapdoor":2,"minecraft:iron_ore":80,"minecraft:cobbled_deepslate":1,"minecraft:deepslate_lapis_ore":3,"minecraft:stripped_dark_oak_wood":22,"minecraft:azure_bluet":1,"minecraft:dark_oak_stairs":2,"minecraft:red_tulip":2,"biomesoplenty:redwood_log":1,"minecraft:small_amethyst_bud":1,"biomesoplenty:webbing":2,"minecraft:spruce_slab":3,"minecraft:green_bed":1,"minecraft:cut_sandstone":1,"minecraft:smoker":2,"minecraft:amethyst_cluster":18,"minecraft:torch":21,"minecraft:blast_furnace":6,"minecraft:poppy":3,"minecraft:glass":2,"minecraft:grindstone":1,"minecraft:oak_planks":3,"minecraft:bricks":4,"minecraft:wall_torch":3,"minecraft:amethyst_block":13,"minecraft:dark_oak_door":5,"minecraft:wheat":10,"minecraft:lilac":3,"biomesoplenty:maple_leaves":1,"minecraft:orange_tulip":1,"minecraft:tnt":8,"biomesoplenty:fir_log":29,"minecraft:stone_brick_stairs":6,"minecraft:smooth_stone_slab":4,"minecraft:grass":111,"minecraft:oak_log":423,"minecraft:sand":94,"minecraft:dirt":199,"minecraft:stonecutter":2,"minecraft:oak_leaves":411,"minecraft:deepslate":288,"minecraft:tuff":2,"minecraft:deepslate_diamond_ore":11,"minecraft:dark_oak_log":40,"minecraft:ladder":1,"gravestone:gravestone":14,"minecraft:cobbled_deepslate_slab":12,"minecraft:spruce_leaves":239,"minecraft:kelp":1,"minecraft:sandstone":4,"minecraft:large_fern":2,"minecraft:hay_block":29,"minecraft:dark_oak_fence_gate":3,"minecraft:andesite":26,"minecraft:stripped_spruce_log":73,"minecraft:bookshelf":17,"minecraft:potatoes":1,"biomesoplenty:rainbow_birch_leaves":4,"minecraft:deepslate_iron_ore":75,"minecraft:rail":32,"minecraft:lantern":27,"minecraft:stripped_oak_log":2,"minecraft:bamboo":14,"biomesoplenty:spider_egg":1,"minecraft:stone":830,"minecraft:white_tulip":1,"minecraft:bone_block":513,"minecraft:lily_of_the_valley":5,"minecraft:spruce_door":3,"minecraft:dandelion":2,"minecraft:crafting_table":6,"minecraft:rose_bush":62,"minecraft:lectern":2,"minecraft:lightning_rod":3,"minecraft:copper_ore":4,"minecraft:dried_kelp_block":20,"biomesoplenty:sprout":101,"minecraft:deepslate_gold_ore":15,"minecraft:lapis_ore":1,"minecraft:diorite":44,"minecraft:spruce_stairs":15,"minecraft:purple_bed":7,"minecraft:spruce_log":1298,"minecraft:coal_ore":216,"minecraft:sunflower":33,"minecraft:gravel":6,"biomesoplenty:stringy_cobweb":1,"minecraft:cobweb":1,"minecraft:cracked_stone_bricks":5,"minecraft:stone_bricks":378,"minecraft:mossy_stone_bricks":3,"minecraft:chipped_anvil":1,"biomesoplenty:redwood_wood":2,"minecraft:fern":1},"minecraft:killed_by":{"minecraft:vindicator":2,"minecraft:player":10,"minecraft:spider":1},"minecraft:dropped":{"minecraft:dark_oak_slab":2,"minecraft:crossbow":1,"minecraft:red_carpet":4,"minecraft:dirt":4,"gravestone:obituary":4,"minecraft:amethyst_shard":4,"minecraft:sunflower":3,"minecraft:stripped_oak_wood":3,"minecraft:white_wool":1,"minecraft:stone_axe":1,"minecraft:goat_horn":1,"minecraft:wheat":1,"minecraft:pointed_dripstone":8,"minecraft:rotten_flesh":11,"minecraft:azure_bluet":1,"minecraft:poppy":1,"minecraft:gunpowder":4,"minecraft:arrow":16,"minecraft:iron_ingot":31,"minecraft:bread":3,"minecraft:wheat_seeds":4,"minecraft:lilac":4,"minecraft:dripstone_block":4,"minecraft:feather":4,"minecraft:amethyst_block":6,"minecraft:deepslate_tile_slab":2,"minecraft:dried_kelp_block":2,"minecraft:rose_bush":1,"minecraft:iron_axe":2,"minecraft:iron_shovel":1,"minecraft:spruce_sapling":13,"minecraft:dandelion":1,"naturalist:duck_egg":1,"minecraft:raw_copper":9,"minecraft:oak_sign":1,"minecraft:lily_of_the_valley":1,"minecraft:spruce_trapdoor":1,"minecraft:spruce_planks":29,"minecraft:purple_bed":1,"minecraft:oak_sapling":17,"minecraft:spruce_log":64,"minecraft:wooden_pickaxe":1},"minecraft:custom":{"minecraft:interact_with_crafting_table":133,"minecraft:open_barrel":9,"minecraft:eat_cake_slice":3,"minecraft:leave_game":17,"minecraft:time_since_death":6632,"minecraft:sprint_one_cm":2544213,"minecraft:drop":71,"minecraft:talked_to_villager":8,"minecraft:play_time":1011218,"minecraft:deaths":14,"minecraft:jump":14183,"minecraft:interact_with_brewingstand":1,"minecraft:walk_on_water_one_cm":48530,"minecraft:interact_with_furnace":131,"minecraft:sleep_in_bed":54,"minecraft:damage_dealt":16960,"minecraft:player_kills":3,"minecraft:crouch_one_cm":75246,"minecraft:interact_with_smoker":3,"minecraft:horse_one_cm":26994,"minecraft:interact_with_smithing_table":1,"minecraft:mob_kills":82,"minecraft:climb_one_cm":17507,"minecraft:walk_one_cm":2718623,"minecraft:raid_win":1,"minecraft:sneak_time":27786,"minecraft:walk_under_water_one_cm":24569,"minecraft:boat_one_cm":835714,"minecraft:interact_with_blast_furnace":52,"minecraft:total_world_time":1011218,"minecraft:raid_trigger":2,"minecraft:interact_with_grindstone":1,"minecraft:interact_with_stonecutter":28,"minecraft:time_since_rest":6660,"minecraft:damage_taken":12227,"minecraft:swim_one_cm":41829,"minecraft:fly_one_cm":2501954,"minecraft:open_chest":276,"minecraft:fall_one_cm":377277},"minecraft:killed":{"minecraft:cave_spider":3,"minecraft:witch":1,"minecraft:spider":4,"minecraft:skeleton":12,"minecraft:skeleton_horse":1,"minecraft:creeper":3,"minecraft:sheep":2,"minecraft:pillager":22,"minecraft:zombie":19,"minecraft:cow":4,"minecraft:vindicator":6,"naturalist:duck":1,"minecraft:enderman":1},"minecraft:used":{"minecraft:iron_shovel":722,"minecraft:spruce_slab":235,"minecraft:ladder":2,"minecraft:poppy":2,"minecraft:bone_block":358,"minecraft:chest":3,"minecraft:stone":45,"minecraft:iron_chestplate":1,"minecraft:mutton":2,"minecraft:lily_of_the_valley":1,"minecraft:deepslate_tile_slab":11,"minecraft:stripped_spruce_log":16,"minecraft:spruce_boat":3,"minecraft:glass":2,"minecraft:lantern":14,"minecraft:iron_helmet":2,"minecraft:dark_oak_slab":14,"minecraft:stone_brick_stairs":46,"minecraft:stone_bricks":664,"minecraft:scaffolding":6,"minecraft:oak_sapling":4,"minecraft:furnace":4,"minecraft:potato":5,"minecraft:dark_oak_stairs":20,"minecraft:diorite":20,"minecraft:spruce_door":6,"minecraft:stone_pickaxe":343,"minecraft:oak_planks":3,"minecraft:orange_tulip":1,"minecraft:wooden_pickaxe":28,"minecraft:leather_chestplate":1,"minecraft:sandstone":4,"biomesoplenty:fir_planks":2,"biomesoplenty:fir_boat":8,"minecraft:blue_bed":1,"naturalist:duck_egg":1,"minecraft:dark_oak_trapdoor":12,"minecraft:sand":4,"minecraft:blast_furnace":6,"minecraft:crossbow":44,"minecraft:stone_brick_wall":2,"minecraft:lightning_rod":3,"minecraft:bread":202,"minecraft:deepslate":2,"minecraft:gravel":6,"minecraft:grindstone":1,"minecraft:dark_oak_fence":6,"minecraft:andesite":10,"minecraft:bone_meal":36,"minecraft:stone_sword":59,"minecraft:armor_stand":1,"minecraft:stone_shovel":232,"minecraft:spruce_planks":717,"minecraft:torch":171,"minecraft:brewing_stand":1,"minecraft:dirt":740,"minecraft:spruce_stairs":82,"minecraft:granite":19,"minecraft:spruce_fence":6,"minecraft:dark_oak_planks":7,"minecraft:wooden_axe":269,"minecraft:iron_hoe":104,"minecraft:iron_axe":2379,"minecraft:bamboo":23,"minecraft:goat_horn":3,"minecraft:cooked_beef":7,"minecraft:cobbled_deepslate":181,"minecraft:amethyst_block":3,"minecraft:baked_potato":19,"minecraft:cut_sandstone":1,"minecraft:stonecutter":2,"minecraft:green_bed":1,"minecraft:spruce_fence_gate":6,"minecraft:crafting_table":15,"minecraft:dark_oak_fence_gate":15,"minecraft:spruce_log":732,"minecraft:dark_oak_door":5,"minecraft:smoker":2,"minecraft:oak_log":411,"minecraft:diamond_pickaxe":170,"minecraft:apple":1,"minecraft:oxeye_daisy":1,"minecraft:iron_pickaxe":2190,"minecraft:spruce_trapdoor":143,"minecraft:spruce_sapling":13,"minecraft:stone_axe":1030,"minecraft:cobblestone":131,"minecraft:cobbled_deepslate_slab":12,"minecraft:purple_bed":7,"minecraft:glass_pane":50,"minecraft:stripped_oak_log":2,"minecraft:dandelion":2,"minecraft:smooth_stone":12}},"DataVersion":3465}