{"stats":{"minecraft:crafted":{"minecraft:crafting_table":3,"minecraft:spruce_planks":76,"minecraft:wooden_pickaxe":1,"minecraft:stone_axe":1,"minecraft:stick":4,"minecraft:stone_pickaxe":1,"minecraft:spruce_boat":2},"minecraft:picked_up":{"minecraft:crafting_table":2,"minecraft:wheat":7,"minecraft:feather":2,"minecraft:leather":7,"minecraft:potato":1,"biomesoplenty:fir_log":28,"minecraft:gunpowder":1,"minecraft:white_banner":1,"minecraft:armor_stand":2,"minecraft:kelp":1,"minecraft:wheat_seeds":27,"minecraft:spruce_planks":6,"minecraft:beef":7,"minecraft:rose_bush":57,"minecraft:poppy":1,"minecraft:book":3,"minecraft:stick":2,"minecraft:sandstone":3,"naturalist:duck":1,"minecraft:sand":4,"minecraft:spruce_sapling":1,"minecraft:blast_furnace":1,"minecraft:spruce_log":4,"minecraft:lily_of_the_valley":1,"minecraft:pumpkin_seeds":6,"minecraft:arrow":5,"minecraft:purple_bed":2,"minecraft:rotten_flesh":1,"minecraft:spruce_boat":1,"minecraft:emerald":1,"minecraft:cobblestone":18,"minecraft:sunflower":1},"minecraft:mined":{"minecraft:spruce_planks":6,"minecraft:lily_of_the_valley":1,"minecraft:crafting_table":2,"gravestone:gravestone":1,"minecraft:blast_furnace":1,"minecraft:poppy":1,"minecraft:rose_bush":60,"biomesoplenty:sprout":7,"minecraft:spruce_leaves":3,"minecraft:kelp":1,"minecraft:sandstone":3,"minecraft:purple_bed":2,"minecraft:wheat":10,"minecraft:spruce_log":4,"biomesoplenty:fir_log":28,"minecraft:grass":20,"minecraft:bookshelf":1,"minecraft:potatoes":1,"minecraft:sunflower":1,"minecraft:dirt":1,"minecraft:sand":4,"minecraft:stone":18,"minecraft:fern":1},"minecraft:dropped":{"minecraft:rotten_flesh":1,"minecraft:wooden_pickaxe":1},"minecraft:killed":{"minecraft:vindicator":1,"naturalist:duck":1,"minecraft:creeper":1,"minecraft:pillager":6,"minecraft:zombie":1,"minecraft:cow":4},"minecraft:used":{"minecraft:spruce_planks":11,"minecraft:wooden_pickaxe":28,"minecraft:sandstone":3,"minecraft:blue_bed":1,"minecraft:iron_chestplate":1,"minecraft:sand":4,"minecraft:crafting_table":5,"minecraft:spruce_boat":3,"minecraft:bread":14,"minecraft:iron_helmet":1,"minecraft:stone_axe":81,"minecraft:purple_bed":1,"minecraft:potato":5},"minecraft:custom":{"minecraft:mob_kills":14,"minecraft:interact_with_crafting_table":8,"minecraft:open_barrel":1,"minecraft:leave_game":1,"minecraft:time_since_death":38111,"minecraft:sleep_in_bed":3,"minecraft:time_since_rest":6235,"minecraft:sprint_one_cm":108072,"minecraft:damage_taken":623,"minecraft:walk_one_cm":115153,"minecraft:drop":2,"minecraft:damage_dealt":2340,"minecraft:swim_one_cm":25685,"minecraft:talked_to_villager":2,"minecraft:fly_one_cm":103159,"minecraft:open_chest":10,"minecraft:crouch_one_cm":845,"minecraft:play_time":38111,"minecraft:sneak_time":380,"minecraft:walk_under_water_one_cm":6504,"minecraft:boat_one_cm":125313,"minecraft:jump":672,"minecraft:walk_on_water_one_cm":12481,"minecraft:total_world_time":38111,"minecraft:fall_one_cm":18030}},"DataVersion":3465}