{"stats":{"minecraft:crafted":{"minecraft:stone_shovel":1,"biomesoplenty:fir_boat":1,"minecraft:crafting_table":6,"minecraft:spruce_planks":76,"minecraft:wooden_pickaxe":1,"minecraft:stone_axe":1,"minecraft:bread":64,"biomesoplenty:fir_planks":8,"minecraft:stick":12,"minecraft:stone_pickaxe":1,"minecraft:wooden_axe":1,"minecraft:chest":1,"minecraft:spruce_boat":2,"minecraft:wheat":189},"minecraft:picked_up":{"minecraft:crafting_table":2,"minecraft:wheat":7,"minecraft:feather":4,"minecraft:leather":7,"minecraft:potato":1,"biomesoplenty:fir_log":28,"minecraft:gunpowder":5,"minecraft:dirt":108,"minecraft:white_banner":1,"minecraft:smooth_stone_slab":4,"minecraft:armor_stand":2,"minecraft:oak_sign":1,"minecraft:stone_bricks":10,"minecraft:kelp":1,"minecraft:wheat_seeds":29,"biomesoplenty:fir_boat":7,"minecraft:spruce_planks":58,"minecraft:beef":7,"minecraft:spruce_slab":1,"minecraft:rose_bush":57,"minecraft:poppy":1,"minecraft:lectern":1,"minecraft:raw_iron":5,"minecraft:book":30,"minecraft:stick":2,"minecraft:sandstone":3,"naturalist:duck":1,"minecraft:torch":1,"minecraft:sand":4,"minecraft:lightning_rod":1,"minecraft:spruce_sapling":1,"minecraft:blast_furnace":2,"minecraft:spruce_log":4,"minecraft:lily_of_the_valley":2,"minecraft:goat_horn":1,"minecraft:dark_oak_planks":5,"minecraft:dried_kelp_block":20,"minecraft:tnt":6,"minecraft:pumpkin_seeds":14,"minecraft:arrow":5,"minecraft:purple_bed":5,"minecraft:rotten_flesh":1,"minecraft:spruce_boat":1,"minecraft:writable_book":1,"minecraft:hay_block":21,"minecraft:crossbow":1,"minecraft:emerald":2,"minecraft:bricks":3,"minecraft:skeleton_skull":1,"minecraft:cod":2,"minecraft:cobblestone":19,"minecraft:sunflower":1},"minecraft:broken":{"minecraft:stone_axe":1,"minecraft:wooden_axe":1},"minecraft:mined":{"minecraft:dark_oak_planks":4,"minecraft:spruce_planks":8,"minecraft:lily_of_the_valley":1,"minecraft:brewing_stand":1,"minecraft:crafting_table":2,"minecraft:spruce_trapdoor":1,"gravestone:gravestone":1,"minecraft:blast_furnace":2,"minecraft:grass_block":112,"minecraft:poppy":1,"minecraft:rose_bush":60,"minecraft:lectern":1,"minecraft:bricks":3,"minecraft:lightning_rod":1,"minecraft:dried_kelp_block":20,"biomesoplenty:sprout":8,"minecraft:spruce_leaves":3,"minecraft:kelp":1,"minecraft:sandstone":3,"minecraft:hay_block":21,"minecraft:purple_bed":4,"minecraft:iron_ore":5,"minecraft:wheat":10,"minecraft:spruce_log":4,"biomesoplenty:maple_leaves":1,"biomesoplenty:fir_log":28,"minecraft:smooth_stone_slab":4,"minecraft:grass":21,"minecraft:bookshelf":10,"minecraft:potatoes":1,"biomesoplenty:rainbow_birch_leaves":4,"minecraft:sunflower":1,"minecraft:dirt":1,"minecraft:sand":4,"minecraft:stone":18,"minecraft:oak_leaves":12,"minecraft:spruce_slab":1,"minecraft:fern":1},"minecraft:dropped":{"minecraft:goat_horn":1,"minecraft:feather":4,"minecraft:rotten_flesh":1,"minecraft:oak_sign":1,"minecraft:lily_of_the_valley":1,"minecraft:dried_kelp_block":2,"minecraft:gunpowder":4,"minecraft:spruce_planks":29,"minecraft:purple_bed":1,"minecraft:sunflower":1,"minecraft:wooden_pickaxe":1},"minecraft:killed":{"minecraft:vindicator":3,"naturalist:duck":1,"minecraft:creeper":1,"minecraft:pillager":11,"minecraft:zombie":1,"minecraft:cow":4},"minecraft:used":{"minecraft:stone_shovel":126,"minecraft:stone_pickaxe":22,"minecraft:chest":1,"minecraft:spruce_planks":11,"minecraft:wooden_pickaxe":28,"minecraft:sandstone":3,"biomesoplenty:fir_planks":2,"biomesoplenty:fir_boat":7,"minecraft:blue_bed":1,"minecraft:iron_chestplate":1,"minecraft:sand":4,"minecraft:crafting_table":8,"minecraft:crossbow":5,"minecraft:wooden_axe":33,"minecraft:spruce_boat":3,"minecraft:dark_oak_planks":3,"minecraft:bread":26,"minecraft:iron_helmet":1,"minecraft:stone_axe":84,"minecraft:purple_bed":4,"minecraft:goat_horn":3,"minecraft:potato":5},"minecraft:custom":{"minecraft:mob_kills":21,"minecraft:interact_with_crafting_table":14,"minecraft:open_barrel":6,"minecraft:raid_trigger":1,"minecraft:climb_one_cm":3390,"minecraft:leave_game":1,"minecraft:time_since_death":116111,"minecraft:sleep_in_bed":8,"minecraft:time_since_rest":8463,"minecraft:sprint_one_cm":267395,"minecraft:damage_taken":977,"minecraft:walk_one_cm":258850,"minecraft:drop":11,"minecraft:damage_dealt":3152,"minecraft:swim_one_cm":31464,"minecraft:talked_to_villager":3,"minecraft:fly_one_cm":290223,"minecraft:open_chest":38,"minecraft:crouch_one_cm":1375,"minecraft:play_time":116111,"minecraft:sneak_time":552,"minecraft:walk_under_water_one_cm":11988,"minecraft:boat_one_cm":482464,"minecraft:jump":1551,"minecraft:walk_on_water_one_cm":14066,"minecraft:total_world_time":116111,"minecraft:fall_one_cm":46988}},"DataVersion":3465}