{"stats":{"minecraft:crafted":{"minecraft:stone_shovel":1,"minecraft:furnace":3,"minecraft:stone":540,"minecraft:iron_axe":4,"minecraft:iron_hoe":1,"minecraft:stone_pickaxe":2,"minecraft:chest":2,"minecraft:spruce_boat":2,"minecraft:stone_bricks":184,"minecraft:wheat":189,"minecraft:cooked_beef":7,"biomesoplenty:fir_boat":1,"minecraft:crafting_table":6,"minecraft:spruce_planks":120,"minecraft:wooden_pickaxe":2,"minecraft:spruce_door":3,"minecraft:stone_axe":5,"minecraft:bread":64,"minecraft:air":0,"biomesoplenty:fir_planks":8,"minecraft:stone_brick_stairs":11,"minecraft:spruce_trapdoor":10,"minecraft:stick":20,"minecraft:iron_ingot":13,"minecraft:iron_pickaxe":3,"minecraft:wooden_axe":5,"minecraft:iron_shovel":3},"minecraft:picked_up":{"minecraft:crafting_table":5,"minecraft:wheat":7,"minecraft:azure_bluet":1,"minecraft:stone_brick_stairs":5,"minecraft:iron_axe":2,"minecraft:smooth_stone_slab":4,"minecraft:armor_stand":2,"minecraft:oak_sign":1,"minecraft:smooth_stone":11,"minecraft:spruce_planks":58,"minecraft:beef":7,"minecraft:rose_bush":57,"minecraft:poppy":4,"minecraft:spruce_slab":1,"minecraft:lectern":1,"minecraft:spruce_trapdoor":4,"minecraft:dark_oak_door":1,"minecraft:stick":97,"minecraft:raw_iron":13,"minecraft:sandstone":3,"naturalist:duck":1,"minecraft:torch":1,"minecraft:lightning_rod":1,"minecraft:diorite":21,"minecraft:goat_horn":1,"minecraft:dark_oak_planks":5,"minecraft:tnt":6,"minecraft:arrow":21,"minecraft:rotten_flesh":8,"minecraft:hay_block":21,"minecraft:red_tulip":2,"minecraft:saddle":1,"minecraft:cod":2,"minecraft:skeleton_skull":1,"minecraft:cobblestone":689,"minecraft:stripped_oak_log":2,"minecraft:feather":4,"minecraft:lilac":2,"minecraft:andesite":16,"minecraft:leather":7,"minecraft:smoker":2,"minecraft:potato":1,"biomesoplenty:fir_log":28,"minecraft:oak_log":418,"minecraft:gunpowder":5,"minecraft:dirt":801,"minecraft:lantern":7,"minecraft:white_banner":6,"minecraft:apple":4,"minecraft:stone_bricks":292,"minecraft:kelp":1,"minecraft:stonecutter":2,"minecraft:wheat_seeds":39,"biomesoplenty:fir_boat":7,"minecraft:grindstone":1,"minecraft:iron_ingot":7,"minecraft:stripped_oak_wood":3,"minecraft:mossy_stone_bricks":2,"minecraft:book":30,"minecraft:dandelion":2,"minecraft:sand":4,"minecraft:spruce_sapling":103,"minecraft:blast_furnace":6,"minecraft:spruce_log":433,"minecraft:lily_of_the_valley":6,"minecraft:spruce_door":2,"naturalist:duck_egg":1,"minecraft:pumpkin_seeds":14,"minecraft:dried_kelp_block":20,"minecraft:purple_bed":7,"minecraft:spruce_boat":1,"minecraft:stone_axe":1,"minecraft:writable_book":1,"minecraft:crossbow":2,"minecraft:emerald":15,"minecraft:bread":1,"minecraft:oak_sapling":21,"minecraft:bricks":4,"minecraft:coal":110,"minecraft:sunflower":35},"minecraft:broken":{"minecraft:iron_shovel":2,"minecraft:stone_pickaxe":1,"minecraft:iron_axe":5,"minecraft:stone_axe":5,"minecraft:iron_pickaxe":4,"minecraft:wooden_axe":5,"minecraft:stone_shovel":1},"minecraft:mined":{"minecraft:dark_oak_planks":4,"minecraft:spruce_planks":8,"minecraft:brewing_stand":1,"minecraft:spruce_trapdoor":5,"gravestone:gravestone":3,"minecraft:grass_block":687,"minecraft:spruce_leaves":163,"minecraft:kelp":1,"minecraft:sandstone":3,"minecraft:large_fern":1,"minecraft:hay_block":21,"minecraft:smooth_stone":11,"minecraft:iron_ore":13,"minecraft:andesite":16,"minecraft:azure_bluet":1,"minecraft:bookshelf":10,"minecraft:red_tulip":2,"minecraft:potatoes":1,"biomesoplenty:rainbow_birch_leaves":4,"minecraft:lantern":6,"minecraft:stripped_oak_log":2,"minecraft:stone":688,"minecraft:bone_block":1,"minecraft:spruce_slab":1,"minecraft:lily_of_the_valley":5,"minecraft:smoker":2,"minecraft:dandelion":1,"minecraft:spruce_door":2,"minecraft:crafting_table":5,"minecraft:blast_furnace":6,"minecraft:poppy":3,"minecraft:rose_bush":60,"minecraft:lectern":1,"minecraft:lightning_rod":1,"biomesoplenty:sprout":89,"minecraft:dried_kelp_block":20,"minecraft:grindstone":1,"minecraft:bricks":4,"minecraft:diorite":21,"minecraft:purple_bed":6,"minecraft:dark_oak_door":1,"minecraft:wheat":10,"minecraft:lilac":2,"minecraft:spruce_log":434,"biomesoplenty:maple_leaves":1,"minecraft:stone_brick_stairs":5,"biomesoplenty:fir_log":28,"minecraft:smooth_stone_slab":4,"minecraft:grass":89,"minecraft:oak_log":420,"minecraft:coal_ore":111,"minecraft:sunflower":32,"minecraft:sand":4,"minecraft:dirt":117,"minecraft:cobweb":1,"minecraft:cracked_stone_bricks":5,"minecraft:stonecutter":2,"minecraft:stone_bricks":285,"minecraft:chipped_anvil":1,"minecraft:mossy_stone_bricks":3,"minecraft:oak_leaves":308,"minecraft:fern":1},"minecraft:killed_by":{"minecraft:vindicator":2},"minecraft:dropped":{"minecraft:iron_ingot":2,"minecraft:bread":1,"minecraft:feather":4,"minecraft:dried_kelp_block":2,"minecraft:dirt":1,"gravestone:obituary":2,"minecraft:sunflower":3,"minecraft:iron_axe":1,"minecraft:stripped_oak_wood":3,"minecraft:iron_shovel":1,"minecraft:dandelion":1,"naturalist:duck_egg":1,"minecraft:stone_axe":1,"minecraft:goat_horn":1,"minecraft:rotten_flesh":6,"minecraft:azure_bluet":1,"minecraft:oak_sign":1,"minecraft:lily_of_the_valley":1,"minecraft:gunpowder":4,"minecraft:spruce_planks":29,"minecraft:purple_bed":1,"minecraft:oak_sapling":11,"minecraft:wooden_pickaxe":1},"minecraft:killed":{"minecraft:vindicator":6,"naturalist:duck":1,"minecraft:skeleton":1,"minecraft:creeper":1,"minecraft:pillager":22,"minecraft:zombie":3,"minecraft:cow":4},"minecraft:used":{"minecraft:stone_sword":59,"minecraft:iron_shovel":722,"minecraft:armor_stand":1,"minecraft:stone_shovel":135,"minecraft:chest":2,"minecraft:spruce_planks":11,"minecraft:stone":45,"minecraft:iron_chestplate":1,"minecraft:dirt":490,"minecraft:lily_of_the_valley":1,"minecraft:dark_oak_planks":3,"minecraft:wooden_axe":269,"minecraft:spruce_boat":3,"minecraft:lantern":11,"minecraft:iron_axe":937,"minecraft:iron_helmet":1,"minecraft:stone_brick_stairs":16,"minecraft:stone_bricks":564,"minecraft:oak_sapling":3,"minecraft:goat_horn":3,"minecraft:furnace":3,"minecraft:cooked_beef":1,"minecraft:potato":5,"minecraft:spruce_door":3,"minecraft:stone_pickaxe":237,"minecraft:sandstone":3,"minecraft:wooden_pickaxe":28,"biomesoplenty:fir_planks":2,"biomesoplenty:fir_boat":7,"minecraft:stonecutter":2,"minecraft:blue_bed":1,"minecraft:sand":4,"minecraft:crafting_table":11,"minecraft:blast_furnace":6,"minecraft:crossbow":11,"minecraft:spruce_log":278,"minecraft:smoker":2,"minecraft:dark_oak_door":1,"minecraft:oak_log":411,"minecraft:apple":1,"minecraft:bread":91,"minecraft:iron_pickaxe":941,"minecraft:spruce_trapdoor":14,"minecraft:stone_axe":605,"minecraft:purple_bed":6,"minecraft:grindstone":1,"minecraft:stripped_oak_log":2,"minecraft:dandelion":1},"minecraft:custom":{"minecraft:interact_with_smithing_table":1,"minecraft:mob_kills":38,"minecraft:interact_with_crafting_table":56,"minecraft:open_barrel":6,"minecraft:eat_cake_slice":3,"minecraft:leave_game":11,"minecraft:time_since_death":152036,"minecraft:climb_one_cm":8085,"minecraft:sprint_one_cm":1139238,"minecraft:walk_one_cm":1138908,"minecraft:drop":27,"minecraft:talked_to_villager":7,"minecraft:raid_win":1,"minecraft:play_time":458988,"minecraft:deaths":2,"minecraft:sneak_time":3677,"minecraft:walk_under_water_one_cm":17768,"minecraft:boat_one_cm":482464,"minecraft:jump":6205,"minecraft:interact_with_blast_furnace":21,"minecraft:walk_on_water_one_cm":20441,"minecraft:total_world_time":458988,"minecraft:interact_with_furnace":90,"minecraft:raid_trigger":2,"minecraft:interact_with_stonecutter":10,"minecraft:sleep_in_bed":33,"minecraft:time_since_rest":13744,"minecraft:damage_taken":3460,"minecraft:damage_dealt":7900,"minecraft:player_kills":1,"minecraft:swim_one_cm":41829,"minecraft:fly_one_cm":1173207,"minecraft:open_chest":95,"minecraft:crouch_one_cm":12261,"minecraft:interact_with_smoker":1,"minecraft:fall_one_cm":167918}},"DataVersion":3465}