{"stats":{"minecraft:crafted":{"minecraft:wooden_sword":1,"minecraft:furnace":2,"minecraft:stone":478,"minecraft:glass":15,"minecraft:stone_brick_slab":24,"travelersbackpack:white_sleeping_bag":1,"minecraft:iron_axe":1,"minecraft:stone_pickaxe":1,"minecraft:chest":1,"minecraft:spruce_boat":1,"minecraft:stone_bricks":380,"minecraft:cooked_cod":5,"minecraft:crafting_table":2,"minecraft:spruce_planks":56,"travelersbackpack:backpack_tank":2,"minecraft:wooden_pickaxe":1,"minecraft:baked_potato":19,"travelersbackpack:standard":1,"minecraft:bread":3,"minecraft:stick":16,"minecraft:iron_ingot":18,"minecraft:iron_pickaxe":3,"minecraft:wooden_axe":1,"minecraft:iron_shovel":2},"minecraft:picked_up":{"minecraft:crafting_table":3,"minecraft:azure_bluet":6,"minecraft:potion":1,"gravestone:obituary":1,"minecraft:string":2,"minecraft:candle":6,"minecraft:spruce_planks":3,"minecraft:beef":8,"minecraft:white_tulip":3,"minecraft:rose_bush":18,"minecraft:poppy":1,"minecraft:sugar_cane":5,"minecraft:chest":1,"minecraft:spruce_trapdoor":1,"minecraft:egg":1,"minecraft:stick":8,"minecraft:raw_iron":18,"minecraft:green_bed":4,"minecraft:torch":3,"minecraft:porkchop":4,"minecraft:diorite":19,"minecraft:redstone":14,"minecraft:dark_oak_planks":2,"biomesoplenty:icy_iris":1,"minecraft:rotten_flesh":3,"minecraft:red_tulip":3,"minecraft:pink_tulip":1,"minecraft:mutton":6,"minecraft:white_wool":3,"minecraft:cobblestone":595,"minecraft:lilac":1,"minecraft:tripwire_hook":1,"minecraft:leather":3,"minecraft:oak_log":16,"minecraft:blue_bed":5,"minecraft:dirt":688,"minecraft:bone":1,"minecraft:stone_bricks":11,"minecraft:apple":3,"minecraft:bow":2,"minecraft:wheat_seeds":18,"minecraft:raw_gold":1,"minecraft:iron_sword":1,"minecraft:oak_planks":1,"minecraft:scaffolding":1,"minecraft:pumpkin":6,"minecraft:sweet_berries":35,"minecraft:stone_brick_slab":1,"minecraft:sand":15,"minecraft:spruce_sapling":6,"minecraft:spruce_log":109,"minecraft:lily_of_the_valley":7,"naturalist:duck_egg":3,"travelersbackpack:standard":1,"minecraft:dried_kelp_block":2,"minecraft:diamond":2,"minecraft:spruce_boat":5,"minecraft:honey_block":1,"minecraft:emerald":1,"minecraft:oak_sapling":10,"minecraft:light_gray_carpet":2,"minecraft:black_wool":1,"minecraft:coal":59,"minecraft:sunflower":11},"minecraft:broken":{"minecraft:iron_shovel":1,"minecraft:stone_pickaxe":1,"minecraft:iron_pickaxe":2,"minecraft:wooden_axe":1,"minecraft:stone_shovel":1},"minecraft:mined":{"minecraft:dark_oak_planks":3,"minecraft:deepslate_diamond_ore":2,"minecraft:candle":1,"gravestone:gravestone":3,"minecraft:dark_oak_fence":6,"minecraft:grass_block":655,"minecraft:spruce_leaves":30,"minecraft:large_fern":4,"biomesoplenty:icy_iris":1,"minecraft:iron_ore":18,"minecraft:pumpkin":6,"minecraft:azure_bluet":5,"minecraft:dirt_path":4,"minecraft:stone":604,"minecraft:cake":1,"minecraft:green_bed":4,"minecraft:deepslate_redstone_ore":3,"minecraft:scaffolding":1,"minecraft:lily_of_the_valley":5,"minecraft:stone_brick_slab":1,"travelersbackpack:standard":1,"minecraft:crafting_table":3,"minecraft:torch":2,"minecraft:poppy":4,"minecraft:chest":1,"minecraft:rose_bush":5,"minecraft:cobblestone":6,"biomesoplenty:sprout":60,"minecraft:sugar_cane":2,"minecraft:diorite":23,"minecraft:blue_bed":6,"minecraft:wall_torch":1,"minecraft:sweet_berry_bush":14,"minecraft:ice":1,"minecraft:lilac":2,"minecraft:spruce_log":113,"minecraft:grass":74,"minecraft:oak_log":16,"minecraft:coal_ore":61,"minecraft:sunflower":12,"minecraft:sand":15,"minecraft:dirt":32,"minecraft:stone_bricks":12,"minecraft:gold_ore":1,"minecraft:oak_leaves":60,"minecraft:fern":1},"minecraft:killed_by":{"minecraft:pillager":1,"minecraft:vindicator":2},"minecraft:dropped":{"minecraft:iron_ingot":7,"minecraft:iron_sword":1,"minecraft:candle":3,"minecraft:porkchop":1,"minecraft:mutton":1,"gravestone:obituary":2,"minecraft:sunflower":7,"minecraft:light_gray_carpet":1,"minecraft:spruce_trapdoor":1,"minecraft:wooden_pickaxe":1,"minecraft:bow":2,"minecraft:scaffolding":1,"minecraft:black_wool":1},"minecraft:killed":{"minecraft:vindicator":4,"minecraft:spider":2,"minecraft:skeleton":1,"minecraft:pig":2,"minecraft:sheep":4,"minecraft:pillager":2,"minecraft:zombie":2,"minecraft:cow":4},"minecraft:used":{"minecraft:iron_shovel":470,"minecraft:stone_shovel":101,"minecraft:chest":1,"minecraft:stone":48,"minecraft:iron_sword":86,"minecraft:torch":3,"minecraft:dirt":200,"minecraft:lily_of_the_valley":3,"minecraft:carrot":9,"minecraft:spruce_boat":6,"minecraft:stone_brick_slab":11,"minecraft:wooden_axe":43,"minecraft:iron_axe":231,"minecraft:iron_helmet":1,"minecraft:stone_bricks":378,"minecraft:sweet_berries":47,"minecraft:goat_horn":4,"minecraft:furnace":2,"minecraft:cooked_cod":4,"minecraft:potato":29,"minecraft:water_bucket":1,"minecraft:diorite":19,"minecraft:stone_pickaxe":130,"minecraft:leather_boots":1,"minecraft:blue_bed":5,"minecraft:green_bed":4,"naturalist:duck_egg":2,"minecraft:crafting_table":5,"minecraft:mushroom_stew":1,"minecraft:spruce_log":61,"minecraft:sunflower":1,"minecraft:bread":36,"minecraft:iron_pickaxe":604,"minecraft:wooden_sword":49,"travelersbackpack:standard":6,"minecraft:cobblestone":65,"minecraft:porkchop":3,"minecraft:experience_bottle":1},"minecraft:custom":{"minecraft:interact_with_smithing_table":1,"minecraft:mob_kills":21,"minecraft:interact_with_crafting_table":57,"minecraft:open_barrel":20,"minecraft:eat_cake_slice":2,"minecraft:leave_game":14,"minecraft:time_since_death":174934,"minecraft:climb_one_cm":4609,"minecraft:sprint_one_cm":542069,"minecraft:walk_one_cm":721023,"minecraft:drop":17,"minecraft:talked_to_villager":1,"minecraft:play_time":299852,"minecraft:deaths":4,"minecraft:sneak_time":667,"minecraft:walk_under_water_one_cm":20795,"minecraft:boat_one_cm":600847,"minecraft:jump":4175,"minecraft:interact_with_blast_furnace":10,"minecraft:walk_on_water_one_cm":27962,"minecraft:total_world_time":299852,"minecraft:interact_with_furnace":84,"minecraft:interact_with_loom":1,"minecraft:sleep_in_bed":22,"minecraft:time_since_rest":8038,"minecraft:damage_taken":3199,"minecraft:damage_dealt":2931,"minecraft:swim_one_cm":27250,"minecraft:fly_one_cm":650328,"minecraft:open_chest":40,"minecraft:crouch_one_cm":705,"minecraft:fall_one_cm":118168}},"DataVersion":3465}