{"stats":{"minecraft:crafted":{"minecraft:oak_planks":108,"minecraft:birch_slab":6,"minecraft:stone":478,"minecraft:cooked_mutton":2,"minecraft:glass":20,"minecraft:stone_brick_slab":24,"minecraft:chest":6,"minecraft:stone_bricks":380,"minecraft:crafting_table":4,"minecraft:spruce_planks":1212,"minecraft:wooden_pickaxe":1,"minecraft:baked_potato":19,"travelersbackpack:standard":1,"minecraft:spruce_door":3,"minecraft:birch_planks":108,"minecraft:spruce_trapdoor":140,"minecraft:birch_fence":15,"minecraft:stick":192,"minecraft:iron_ingot":39,"minecraft:iron_pickaxe":6,"minecraft:stone_sword":3,"minecraft:spruce_fence_gate":25,"minecraft:birch_stairs":8,"minecraft:deepslate_tile_slab":48,"minecraft:wooden_sword":1,"minecraft:coal":9,"minecraft:stone_shovel":1,"minecraft:furnace":3,"minecraft:spruce_fence":27,"minecraft:oak_trapdoor":8,"minecraft:glass_pane":16,"minecraft:spruce_stairs":188,"travelersbackpack:white_sleeping_bag":1,"minecraft:polished_diorite":234,"minecraft:iron_axe":4,"minecraft:spruce_slab":102,"minecraft:stone_pickaxe":2,"minecraft:spruce_boat":1,"minecraft:wheat":108,"minecraft:cooked_beef":12,"minecraft:sugar":5,"minecraft:cooked_cod":8,"travelersbackpack:backpack_tank":2,"minecraft:iron_sword":1,"minecraft:cooked_salmon":24,"minecraft:deepslate_tiles":44,"minecraft:stone_axe":8,"minecraft:bread":55,"minecraft:oak_fence_gate":1,"minecraft:oak_boat":1,"minecraft:wooden_axe":1,"minecraft:iron_shovel":2,"minecraft:pumpkin_pie":1,"minecraft:torch":52},"minecraft:picked_up":{"minecraft:wheat":34,"minecraft:flower_pot":3,"minecraft:potion":2,"minecraft:stone_brick_stairs":1,"minecraft:string":16,"minecraft:raw_copper":10,"minecraft:beetroot":10,"minecraft:cobbled_deepslate":183,"minecraft:spruce_planks":13,"minecraft:white_tulip":3,"minecraft:rose_bush":18,"minecraft:coal_block":1,"minecraft:furnace":1,"minecraft:stick":54,"minecraft:torch":6,"minecraft:green_bed":5,"minecraft:spruce_stairs":38,"minecraft:porkchop":11,"minecraft:diorite":264,"minecraft:rotten_flesh":45,"minecraft:red_tulip":5,"minecraft:leather_horse_armor":1,"minecraft:cobblestone":675,"minecraft:birch_log":334,"minecraft:feather":1,"minecraft:lilac":5,"minecraft:smoker":1,"minecraft:flint":4,"minecraft:stripped_birch_log":12,"minecraft:dirt":1116,"minecraft:lantern":6,"minecraft:bone":13,"minecraft:bow":2,"minecraft:wheat_seeds":100,"minecraft:raw_gold":1,"minecraft:cobbled_deepslate_slab":16,"minecraft:bell":1,"minecraft:grindstone":1,"minecraft:glowstone_dust":2,"minecraft:oak_planks":19,"biomesoplenty:toadstool":5,"minecraft:sand":120,"minecraft:stripped_spruce_log":3,"minecraft:cyan_bed":1,"minecraft:lily_of_the_valley":7,"naturalist:duck_egg":6,"minecraft:spruce_fence_gate":5,"minecraft:diamond":2,"minecraft:spruce_boat":5,"minecraft:bread":7,"minecraft:emerald":6,"minecraft:light_gray_carpet":2,"biomesoplenty:pink_daffodil":6,"minecraft:oak_sapling":15,"minecraft:dark_oak_fence":2,"minecraft:mud":2,"minecraft:crafting_table":5,"minecraft:azure_bluet":6,"minecraft:brown_mushroom":4,"gravestone:obituary":2,"minecraft:birch_fence":3,"minecraft:cracked_stone_bricks":1,"minecraft:cartography_table":1,"minecraft:candle":7,"minecraft:beef":23,"minecraft:oak_boat":2,"minecraft:poppy":4,"minecraft:spruce_slab":3,"minecraft:sugar_cane":8,"minecraft:chest":1,"minecraft:birch_sapling":4,"minecraft:spruce_trapdoor":11,"minecraft:egg":4,"minecraft:raw_iron":47,"minecraft:carrot":1,"minecraft:redstone":15,"minecraft:dark_oak_planks":6,"biomesoplenty:icy_iris":1,"minecraft:arrow":8,"minecraft:beetroot_seeds":25,"minecraft:hay_block":38,"minecraft:pink_tulip":1,"minecraft:glow_berries":4,"minecraft:mutton":6,"minecraft:white_wool":3,"minecraft:clock":1,"minecraft:tripwire_hook":1,"minecraft:leather":5,"minecraft:red_mushroom":2,"minecraft:oak_log":19,"minecraft:cobbled_deepslate_stairs":5,"minecraft:gunpowder":4,"minecraft:blue_bed":5,"minecraft:white_banner":2,"minecraft:apple":3,"minecraft:stone_bricks":17,"minecraft:oak_fence_gate":1,"minecraft:iron_ingot":3,"minecraft:rabbit_hide":1,"minecraft:glass_bottle":3,"minecraft:iron_sword":1,"minecraft:book":18,"minecraft:scaffolding":501,"minecraft:smooth_basalt":42,"minecraft:pumpkin":15,"minecraft:sweet_berries":45,"minecraft:stone_brick_slab":1,"minecraft:gravel":1,"minecraft:birch_stairs":1,"minecraft:spruce_sapling":25,"minecraft:blast_furnace":1,"minecraft:spruce_log":762,"minecraft:spider_eye":5,"travelersbackpack:standard":9,"minecraft:dried_kelp_block":2,"minecraft:slime_ball":5,"minecraft:light_gray_candle":1,"minecraft:polished_diorite":22,"minecraft:stone_axe":1,"minecraft:honey_block":1,"minecraft:black_wool":1,"minecraft:coal":150,"minecraft:sunflower":23},"minecraft:broken":{"minecraft:iron_shovel":2,"minecraft:golden_leggings":1,"minecraft:stone_pickaxe":2,"minecraft:stone_axe":8,"minecraft:iron_sword":2,"minecraft:wooden_axe":1,"minecraft:stone_shovel":1,"minecraft:stone_sword":1,"minecraft:iron_axe":4,"minecraft:leather_boots":1,"minecraft:iron_pickaxe":5,"minecraft:iron_helmet":1},"minecraft:mined":{"minecraft:dark_oak_planks":8,"minecraft:spruce_planks":10,"minecraft:cobbled_deepslate_stairs":5,"minecraft:spruce_trapdoor":10,"minecraft:grass_block":737,"minecraft:coal_block":1,"minecraft:polished_diorite":35,"minecraft:iron_ore":44,"minecraft:cobbled_deepslate":186,"minecraft:potted_red_mushroom":1,"minecraft:pumpkin":15,"minecraft:azure_bluet":5,"minecraft:dirt_path":4,"minecraft:spruce_slab":8,"minecraft:green_bed":5,"minecraft:deepslate_redstone_ore":3,"minecraft:potted_brown_mushroom":1,"minecraft:smoker":1,"minecraft:torch":2,"minecraft:blast_furnace":1,"minecraft:poppy":5,"minecraft:chest":1,"minecraft:glass":1,"minecraft:cobblestone":7,"minecraft:cyan_bed":1,"minecraft:grindstone":1,"minecraft:sugar_cane":3,"minecraft:wall_torch":3,"minecraft:mud":3,"minecraft:birch_log":334,"minecraft:wheat":34,"minecraft:lilac":7,"minecraft:potted_poppy":1,"minecraft:stone_brick_stairs":1,"minecraft:grass":118,"minecraft:oak_log":19,"minecraft:beetroots":10,"minecraft:oak_fence_gate":1,"minecraft:sand":120,"minecraft:dirt":282,"minecraft:smooth_basalt":42,"minecraft:oak_leaves":84,"minecraft:suspicious_gravel":1,"minecraft:deepslate_diamond_ore":2,"minecraft:candle":1,"minecraft:stripped_birch_log":10,"gravestone:gravestone":15,"minecraft:dark_oak_fence":12,"minecraft:cobbled_deepslate_slab":16,"travelersbackpack:white_sleeping_bag":6,"minecraft:spruce_leaves":239,"minecraft:cartography_table":1,"minecraft:large_fern":4,"minecraft:hay_block":29,"minecraft:furnace":1,"biomesoplenty:toadstool":3,"biomesoplenty:icy_iris":1,"minecraft:bell":1,"minecraft:bookshelf":6,"minecraft:deepslate_iron_ore":4,"minecraft:vine":11,"minecraft:lantern":6,"minecraft:stone":675,"minecraft:cake":1,"minecraft:birch_stairs":1,"minecraft:scaffolding":217,"minecraft:lily_of_the_valley":5,"minecraft:stone_brick_slab":1,"travelersbackpack:standard":8,"minecraft:crafting_table":5,"minecraft:rose_bush":6,"minecraft:lectern":1,"minecraft:tall_grass":1,"minecraft:copper_ore":3,"minecraft:deepslate_coal_ore":3,"biomesoplenty:sprout":85,"minecraft:diorite":271,"minecraft:blue_bed":6,"minecraft:spruce_stairs":39,"minecraft:sweet_berry_bush":17,"minecraft:ice":1,"biomesoplenty:pink_daffodil":6,"minecraft:spruce_log":768,"minecraft:birch_leaves":75,"minecraft:coal_ore":144,"biomesoplenty:fir_leaves":1,"minecraft:sunflower":21,"minecraft:gravel":1,"minecraft:cobweb":9,"minecraft:spruce_fence_gate":6,"minecraft:stone_bricks":20,"minecraft:mossy_stone_bricks":2,"minecraft:gold_ore":1,"minecraft:birch_fence":5,"minecraft:fern":3},"minecraft:killed_by":{"minecraft:creeper":1,"minecraft:pillager":1,"minecraft:vindicator":3,"minecraft:player":7,"minecraft:skeleton":1},"minecraft:dropped":{"minecraft:iron_sword":1,"minecraft:candle":3,"minecraft:brown_mushroom":1,"minecraft:porkchop":1,"minecraft:glass_bottle":3,"minecraft:leather":1,"minecraft:dirt":64,"minecraft:dark_oak_fence":2,"minecraft:mutton":1,"gravestone:obituary":6,"minecraft:sunflower":7,"minecraft:bone":1,"minecraft:cobbled_deepslate":20,"minecraft:rotten_flesh":6,"minecraft:oak_planks":2,"minecraft:light_gray_carpet":1,"minecraft:azure_bluet":1,"minecraft:poppy":1,"minecraft:gunpowder":2,"minecraft:arrow":1,"minecraft:glass":1,"minecraft:scaffolding":2,"minecraft:stone_brick_stairs":1,"minecraft:egg":3,"minecraft:golden_boots":1,"minecraft:iron_ingot":7,"minecraft:wheat_seeds":78,"minecraft:lilac":1,"minecraft:stick":34,"minecraft:diorite":1,"minecraft:mud":2,"minecraft:string":21,"minecraft:spruce_sapling":3,"minecraft:redstone":1,"minecraft:furnace":1,"minecraft:sweet_berries":2,"minecraft:flower_pot":2,"minecraft:spruce_trapdoor":2,"minecraft:bow":2,"minecraft:wooden_pickaxe":1,"minecraft:black_wool":1},"minecraft:custom":{"minecraft:interact_with_crafting_table":182,"minecraft:open_barrel":32,"minecraft:eat_cake_slice":6,"minecraft:leave_game":30,"minecraft:time_since_death":18904,"minecraft:sprint_one_cm":2437692,"minecraft:drop":71,"minecraft:talked_to_villager":6,"minecraft:play_time":1044870,"minecraft:deaths":16,"minecraft:jump":16122,"minecraft:walk_on_water_one_cm":72592,"minecraft:interact_with_furnace":113,"minecraft:interact_with_cartography_table":1,"minecraft:interact_with_loom":1,"minecraft:sleep_in_bed":65,"minecraft:damage_dealt":22226,"minecraft:crouch_one_cm":10212,"minecraft:interact_with_smoker":16,"minecraft:interact_with_smithing_table":1,"minecraft:mob_kills":113,"minecraft:climb_one_cm":155198,"minecraft:walk_one_cm":3014421,"minecraft:raid_win":1,"minecraft:sneak_time":7041,"minecraft:walk_under_water_one_cm":50155,"minecraft:boat_one_cm":1047020,"minecraft:interact_with_blast_furnace":15,"minecraft:total_world_time":1044870,"minecraft:raid_trigger":1,"minecraft:pot_flower":1,"minecraft:interact_with_grindstone":3,"minecraft:interact_with_stonecutter":2,"minecraft:time_since_rest":18932,"minecraft:damage_taken":16929,"minecraft:swim_one_cm":98149,"minecraft:fly_one_cm":2605305,"minecraft:open_chest":225,"minecraft:fall_one_cm":458809},"minecraft:killed":{"minecraft:witch":7,"minecraft:spider":13,"minecraft:skeleton":7,"minecraft:pig":5,"minecraft:creeper":1,"minecraft:sheep":4,"minecraft:pillager":8,"minecraft:zombie":37,"minecraft:cow":14,"minecraft:vindicator":4,"minecraft:slime":4,"minecraft:ravager":2},"minecraft:used":{"minecraft:iron_shovel":511,"minecraft:spruce_slab":98,"minecraft:poppy":1,"minecraft:chest":6,"minecraft:stone":55,"minecraft:iron_sword":748,"minecraft:mutton":3,"minecraft:lily_of_the_valley":3,"minecraft:carrot":31,"minecraft:deepslate_tile_slab":31,"minecraft:stripped_spruce_log":2,"minecraft:spruce_boat":6,"minecraft:glass":1,"minecraft:lava_bucket":3,"minecraft:lantern":4,"minecraft:iron_helmet":1,"minecraft:stone_bricks":378,"minecraft:bow":2,"minecraft:sweet_berries":55,"minecraft:scaffolding":492,"minecraft:furnace":3,"minecraft:cooked_cod":8,"minecraft:potato":56,"minecraft:diorite":19,"minecraft:spruce_door":1,"minecraft:stripped_birch_log":3,"minecraft:stone_pickaxe":252,"minecraft:blue_bed":5,"naturalist:duck_egg":2,"minecraft:cookie":6,"minecraft:blast_furnace":1,"minecraft:mushroom_stew":1,"minecraft:birch_fence":5,"minecraft:deepslate_tiles":4,"minecraft:bread":192,"minecraft:wooden_sword":49,"minecraft:grindstone":1,"minecraft:birch_log":231,"minecraft:oak_boat":3,"minecraft:experience_bottle":2,"minecraft:oak_trapdoor":4,"minecraft:stone_sword":285,"minecraft:stone_shovel":217,"minecraft:spruce_planks":285,"minecraft:cooked_salmon":24,"minecraft:torch":36,"minecraft:dirt":750,"minecraft:spruce_stairs":226,"minecraft:oak_fence_gate":1,"minecraft:spruce_fence":25,"minecraft:polished_diorite":233,"minecraft:stone_brick_slab":11,"minecraft:wooden_axe":43,"minecraft:iron_axe":1006,"minecraft:bamboo":1,"minecraft:beef":1,"minecraft:goat_horn":4,"minecraft:cooked_beef":12,"minecraft:cooked_mutton":2,"minecraft:water_bucket":4,"minecraft:birch_planks":30,"minecraft:cartography_table":1,"minecraft:green_bed":5,"minecraft:spruce_fence_gate":30,"minecraft:leather_boots":1,"minecraft:crafting_table":9,"minecraft:spruce_log":455,"minecraft:smoker":1,"minecraft:flower_pot":1,"minecraft:apple":10,"minecraft:sunflower":1,"minecraft:iron_pickaxe":1251,"minecraft:spruce_trapdoor":144,"biomesoplenty:toadstool":1,"minecraft:golden_leggings":1,"minecraft:stone_axe":1131,"travelersbackpack:standard":34,"minecraft:cobblestone":154,"minecraft:porkchop":10,"minecraft:bucket":6,"minecraft:glass_pane":8,"minecraft:pumpkin_pie":6,"minecraft:birch_stairs":4}},"DataVersion":3465}