{"stats":{"minecraft:crafted":{"minecraft:wooden_sword":1,"minecraft:crafting_table":1,"minecraft:wooden_pickaxe":1,"minecraft:spruce_planks":56,"minecraft:stick":4,"minecraft:wooden_axe":1,"minecraft:spruce_boat":1,"minecraft:bread":3},"minecraft:picked_up":{"minecraft:stick":1,"minecraft:crafting_table":2,"minecraft:pumpkin":6,"minecraft:sweet_berries":35,"minecraft:torch":2,"minecraft:porkchop":4,"minecraft:spruce_log":14,"minecraft:dirt":24,"naturalist:duck_egg":2,"minecraft:blue_bed":5,"biomesoplenty:icy_iris":1,"minecraft:wheat_seeds":1,"minecraft:candle":3,"minecraft:spruce_boat":4,"minecraft:rose_bush":3,"minecraft:sugar_cane":5,"minecraft:chest":1,"minecraft:coal":1,"minecraft:egg":1},"minecraft:mined":{"minecraft:large_fern":1,"minecraft:candle":1,"biomesoplenty:icy_iris":1,"minecraft:sweet_berry_bush":14,"minecraft:ice":1,"minecraft:spruce_log":14,"minecraft:pumpkin":6,"minecraft:crafting_table":2,"minecraft:torch":2,"minecraft:grass":3,"minecraft:grass_block":2,"minecraft:chest":1,"minecraft:dirt_path":4,"minecraft:rose_bush":1,"minecraft:dirt":8,"minecraft:spruce_leaves":8,"minecraft:sugar_cane":2,"minecraft:blue_bed":5,"minecraft:fern":1},"minecraft:dropped":{"minecraft:porkchop":1,"gravestone:obituary":1},"minecraft:killed":{"minecraft:pig":2},"minecraft:used":{"minecraft:spruce_boat":5,"minecraft:wooden_axe":3,"minecraft:bread":3,"minecraft:blue_bed":4,"naturalist:duck_egg":1,"minecraft:wooden_sword":16,"minecraft:dirt":13,"minecraft:crafting_table":3,"minecraft:sweet_berries":47,"minecraft:porkchop":3},"minecraft:custom":{"minecraft:time_since_rest":4646,"minecraft:sprint_one_cm":185365,"minecraft:damage_taken":580,"minecraft:walk_one_cm":144154,"minecraft:mob_kills":2,"minecraft:drop":2,"minecraft:damage_dealt":320,"minecraft:interact_with_crafting_table":3,"minecraft:swim_one_cm":24221,"minecraft:talked_to_villager":1,"minecraft:fly_one_cm":161473,"minecraft:open_chest":2,"minecraft:crouch_one_cm":171,"minecraft:interact_with_loom":1,"minecraft:play_time":70425,"minecraft:deaths":1,"minecraft:sneak_time":200,"minecraft:walk_under_water_one_cm":9614,"minecraft:boat_one_cm":204406,"minecraft:jump":1027,"minecraft:leave_game":10,"minecraft:time_since_death":62967,"minecraft:walk_on_water_one_cm":16432,"minecraft:sleep_in_bed":6,"minecraft:climb_one_cm":622,"minecraft:total_world_time":70425,"minecraft:fall_one_cm":30649}},"DataVersion":3465}