{"stats":{"minecraft:dropped":{"minecraft:iron_sword":1,"minecraft:candle":3,"minecraft:birch_planks":11,"minecraft:brown_mushroom":1,"minecraft:porkchop":1,"minecraft:glass_bottle":3,"minecraft:leather":1,"minecraft:dirt":64,"minecraft:dark_oak_fence":2,"minecraft:mutton":1,"gravestone:obituary":11,"minecraft:sunflower":8,"minecraft:bone":1,"minecraft:cobbled_deepslate":23,"minecraft:rotten_flesh":8,"minecraft:oak_planks":4,"biomesoplenty:orange_autumn_sapling":1,"minecraft:light_gray_carpet":1,"minecraft:azure_bluet":1,"minecraft:poppy":1,"minecraft:oak_fence_gate":1,"minecraft:gunpowder":2,"minecraft:charcoal":2,"minecraft:arrow":1,"minecraft:glass":1,"minecraft:scaffolding":8,"minecraft:stone_brick_stairs":1,"minecraft:egg":3,"minecraft:iron_ingot":7,"minecraft:golden_boots":1,"minecraft:water_bucket":1,"minecraft:wheat_seeds":84,"minecraft:lilac":1,"minecraft:cobblestone":3,"minecraft:apple":2,"minecraft:spruce_stairs":1,"minecraft:stick":34,"minecraft:diorite":1,"minecraft:mud":2,"minecraft:string":21,"minecraft:spruce_sapling":3,"minecraft:redstone":1,"minecraft:furnace":1,"minecraft:sweet_berries":2,"minecraft:flower_pot":2,"minecraft:spruce_trapdoor":2,"minecraft:bow":2,"minecraft:wooden_pickaxe":1,"minecraft:black_wool":1},"minecraft:crafted":{"minecraft:oak_planks":188,"minecraft:birch_boat":1,"minecraft:birch_slab":6,"minecraft:stone":478,"minecraft:cooked_mutton":2,"minecraft:glass":79,"minecraft:stone_brick_slab":24,"minecraft:chest":6,"minecraft:stone_bricks":380,"minecraft:crafting_table":6,"minecraft:spruce_planks":1592,"minecraft:baked_potato":19,"minecraft:wooden_pickaxe":1,"travelersbackpack:standard":1,"minecraft:spruce_door":3,"minecraft:birch_planks":184,"minecraft:spruce_trapdoor":140,"minecraft:birch_fence":15,"minecraft:stick":312,"minecraft:iron_ingot":39,"minecraft:iron_pickaxe":6,"minecraft:stone_sword":3,"minecraft:spruce_fence_gate":50,"minecraft:birch_stairs":8,"minecraft:deepslate_tile_slab":48,"minecraft:wooden_sword":1,"minecraft:coal":9,"minecraft:stone_shovel":1,"minecraft:furnace":3,"minecraft:dark_oak_trapdoor":10,"minecraft:spruce_fence":48,"minecraft:oak_trapdoor":30,"minecraft:glass_pane":48,"minecraft:spruce_stairs":212,"travelersbackpack:white_sleeping_bag":1,"minecraft:polished_diorite":234,"minecraft:iron_axe":5,"minecraft:spruce_slab":102,"minecraft:stone_pickaxe":2,"minecraft:spruce_boat":1,"minecraft:dark_oak_planks":36,"minecraft:wheat":216,"minecraft:cooked_beef":12,"minecraft:sugar":5,"minecraft:cooked_cod":8,"travelersbackpack:backpack_tank":2,"minecraft:iron_sword":1,"minecraft:cooked_salmon":24,"minecraft:deepslate_tiles":44,"minecraft:stone_axe":10,"minecraft:bread":105,"minecraft:oak_boat":1,"minecraft:oak_fence_gate":1,"minecraft:wooden_axe":1,"minecraft:iron_shovel":2,"minecraft:pumpkin_pie":1,"minecraft:torch":52},"minecraft:killed":{"minecraft:witch":7,"minecraft:spider":14,"minecraft:skeleton":7,"minecraft:pig":5,"minecraft:creeper":1,"minecraft:sheep":4,"minecraft:pillager":8,"minecraft:zombie":38,"minecraft:cow":14,"minecraft:vindicator":4,"minecraft:slime":4,"minecraft:ravager":2},"minecraft:mined":{"minecraft:dark_oak_planks":18,"minecraft:spruce_planks":14,"minecraft:cobbled_deepslate_stairs":5,"minecraft:brewing_stand":1,"minecraft:spruce_trapdoor":10,"minecraft:grass_block":759,"minecraft:coal_block":1,"minecraft:polished_diorite":36,"minecraft:composter":1,"minecraft:dark_oak_trapdoor":13,"minecraft:iron_ore":44,"minecraft:cobbled_deepslate":192,"minecraft:fire":74,"minecraft:potted_red_mushroom":1,"minecraft:pumpkin":15,"minecraft:azure_bluet":7,"minecraft:red_tulip":1,"minecraft:water_cauldron":4,"minecraft:dirt_path":4,"minecraft:oak_stairs":1,"minecraft:pink_tulip":2,"minecraft:spruce_slab":8,"minecraft:green_bed":5,"minecraft:deepslate_redstone_ore":3,"minecraft:potted_brown_mushroom":1,"minecraft:smoker":2,"minecraft:torch":2,"minecraft:blast_furnace":1,"minecraft:poppy":6,"minecraft:chest":1,"minecraft:glass":1,"minecraft:cobblestone":7,"minecraft:cyan_bed":1,"minecraft:grindstone":1,"minecraft:sugar_cane":3,"minecraft:wall_torch":3,"minecraft:mud":3,"minecraft:birch_log":353,"minecraft:wheat":34,"minecraft:lilac":7,"biomesoplenty:maple_leaves":1,"minecraft:orange_tulip":6,"biomesoplenty:fir_log":1,"minecraft:potted_poppy":1,"minecraft:stone_brick_stairs":1,"minecraft:grass":129,"minecraft:oak_log":82,"minecraft:beetroots":10,"minecraft:oak_fence_gate":1,"minecraft:sand":120,"minecraft:dirt":295,"minecraft:smooth_basalt":42,"minecraft:stonecutter":1,"minecraft:oak_leaves":178,"minecraft:suspicious_gravel":1,"biomesoplenty:orange_autumn_leaves":27,"minecraft:deepslate_diamond_ore":2,"minecraft:candle":1,"minecraft:dark_oak_log":58,"minecraft:stripped_birch_log":10,"gravestone:gravestone":18,"minecraft:dark_oak_fence":13,"minecraft:cobbled_deepslate_slab":16,"travelersbackpack:white_sleeping_bag":6,"minecraft:spruce_leaves":283,"minecraft:cartography_table":1,"minecraft:large_fern":6,"minecraft:hay_block":33,"minecraft:oak_trapdoor":2,"minecraft:furnace":1,"biomesoplenty:toadstool":3,"biomesoplenty:icy_iris":1,"minecraft:bell":2,"minecraft:bookshelf":6,"minecraft:deepslate_iron_ore":4,"minecraft:vine":11,"minecraft:rail":15,"minecraft:lantern":6,"minecraft:stripped_oak_log":2,"minecraft:white_tulip":1,"minecraft:stone":678,"minecraft:cake":1,"minecraft:podzol":3,"minecraft:birch_stairs":1,"minecraft:scaffolding":309,"minecraft:lily_of_the_valley":6,"minecraft:stone_brick_slab":1,"minecraft:dandelion":4,"travelersbackpack:standard":8,"minecraft:cornflower":3,"minecraft:crafting_table":6,"minecraft:rose_bush":6,"minecraft:lectern":1,"minecraft:tall_grass":1,"minecraft:copper_ore":3,"minecraft:deepslate_coal_ore":3,"biomesoplenty:sprout":88,"minecraft:diorite":271,"minecraft:blue_bed":6,"minecraft:spruce_stairs":41,"minecraft:sweet_berry_bush":17,"minecraft:ice":1,"biomesoplenty:pink_daffodil":6,"minecraft:spruce_log":874,"minecraft:birch_leaves":89,"minecraft:coal_ore":144,"biomesoplenty:fir_leaves":1,"minecraft:sunflower":21,"minecraft:gravel":1,"minecraft:cobweb":9,"minecraft:spruce_fence_gate":7,"minecraft:stone_bricks":20,"minecraft:mossy_stone_bricks":2,"minecraft:gold_ore":1,"biomesoplenty:redwood_wood":4,"minecraft:birch_fence":5,"minecraft:fern":3},"minecraft:used":{"minecraft:iron_shovel":511,"minecraft:spruce_slab":98,"minecraft:poppy":3,"minecraft:chest":6,"minecraft:stone":58,"minecraft:iron_sword":771,"minecraft:mutton":3,"minecraft:lily_of_the_valley":8,"minecraft:carrot":31,"minecraft:deepslate_tile_slab":31,"minecraft:azure_bluet":7,"minecraft:stripped_spruce_log":2,"minecraft:spruce_boat":6,"minecraft:glass":1,"minecraft:lava_bucket":3,"minecraft:lantern":4,"minecraft:iron_helmet":1,"minecraft:stone_bricks":379,"minecraft:bow":2,"minecraft:hay_block":4,"minecraft:sweet_berries":55,"minecraft:scaffolding":645,"minecraft:furnace":3,"minecraft:cooked_cod":8,"minecraft:egg":1,"minecraft:potato":56,"minecraft:diorite":19,"minecraft:spruce_door":2,"minecraft:stripped_birch_log":3,"minecraft:stone_pickaxe":252,"minecraft:orange_tulip":6,"minecraft:blue_bed":5,"naturalist:duck_egg":2,"minecraft:cookie":6,"minecraft:dark_oak_trapdoor":15,"minecraft:blast_furnace":1,"minecraft:mushroom_stew":1,"minecraft:birch_fence":5,"minecraft:deepslate_tiles":4,"minecraft:bread":239,"minecraft:wooden_sword":49,"minecraft:grindstone":1,"minecraft:birch_log":231,"minecraft:oak_boat":3,"minecraft:oak_trapdoor":32,"minecraft:experience_bottle":2,"minecraft:stone_sword":285,"minecraft:white_tulip":4,"minecraft:stone_shovel":217,"minecraft:spruce_planks":552,"minecraft:cooked_salmon":24,"minecraft:torch":46,"minecraft:dirt":881,"minecraft:spruce_stairs":250,"minecraft:oak_fence_gate":1,"minecraft:spruce_fence":28,"minecraft:polished_diorite":264,"minecraft:stone_brick_slab":11,"minecraft:wooden_axe":43,"minecraft:red_tulip":6,"minecraft:iron_axe":1181,"minecraft:bamboo":1,"minecraft:beef":1,"minecraft:goat_horn":4,"minecraft:cooked_beef":12,"minecraft:cobbled_deepslate":6,"minecraft:cooked_mutton":2,"minecraft:water_bucket":4,"minecraft:pink_tulip":4,"minecraft:birch_planks":30,"minecraft:cartography_table":1,"minecraft:birch_boat":9,"minecraft:green_bed":5,"minecraft:spruce_fence_gate":39,"minecraft:leather_boots":1,"minecraft:crafting_table":11,"minecraft:spruce_log":455,"minecraft:smoker":2,"minecraft:cornflower":3,"minecraft:apple":10,"minecraft:flower_pot":1,"biomesoplenty:pink_daffodil":6,"minecraft:sunflower":1,"minecraft:iron_pickaxe":1284,"minecraft:spruce_trapdoor":144,"biomesoplenty:toadstool":1,"minecraft:golden_leggings":1,"minecraft:stone_axe":1484,"travelersbackpack:standard":35,"minecraft:cobblestone":154,"minecraft:porkchop":10,"minecraft:bucket":6,"minecraft:glass_pane":36,"minecraft:pumpkin_pie":6,"minecraft:dandelion":4,"minecraft:birch_stairs":4},"minecraft:custom":{"minecraft:interact_with_crafting_table":201,"minecraft:open_barrel":32,"minecraft:eat_cake_slice":6,"minecraft:leave_game":34,"minecraft:time_since_death":69090,"minecraft:sprint_one_cm":2895163,"minecraft:drop":97,"minecraft:talked_to_villager":10,"minecraft:play_time":1233221,"minecraft:deaths":19,"minecraft:jump":19237,"minecraft:walk_on_water_one_cm":82842,"minecraft:interact_with_furnace":115,"minecraft:interact_with_cartography_table":1,"minecraft:interact_with_loom":1,"minecraft:sleep_in_bed":72,"minecraft:damage_dealt":22894,"minecraft:crouch_one_cm":12535,"minecraft:interact_with_smoker":17,"minecraft:interact_with_smithing_table":1,"minecraft:mob_kills":116,"minecraft:climb_one_cm":223905,"minecraft:walk_one_cm":3641286,"minecraft:raid_win":1,"minecraft:sneak_time":9067,"minecraft:walk_under_water_one_cm":53067,"minecraft:boat_one_cm":1299598,"minecraft:interact_with_blast_furnace":16,"minecraft:total_world_time":1233221,"minecraft:raid_trigger":1,"minecraft:pot_flower":1,"minecraft:interact_with_grindstone":3,"minecraft:interact_with_stonecutter":2,"minecraft:time_since_rest":9520,"minecraft:damage_taken":19433,"minecraft:swim_one_cm":119813,"minecraft:fly_one_cm":3119467,"minecraft:open_chest":265,"minecraft:fall_one_cm":529099},"minecraft:killed_by":{"minecraft:creeper":1,"minecraft:pillager":1,"minecraft:vindicator":3,"minecraft:player":8,"minecraft:skeleton":1},"minecraft:picked_up":{"minecraft:wheat":34,"minecraft:flower_pot":3,"biomesoplenty:orange_autumn_sapling":3,"minecraft:oak_stairs":1,"minecraft:potion":2,"minecraft:stone_brick_stairs":1,"minecraft:brewing_stand":1,"minecraft:dark_oak_trapdoor":10,"minecraft:string":16,"minecraft:raw_copper":10,"minecraft:beetroot":10,"minecraft:cobbled_deepslate":195,"minecraft:spruce_planks":17,"minecraft:white_tulip":4,"minecraft:rose_bush":21,"minecraft:coal_block":1,"minecraft:furnace":1,"minecraft:stick":68,"minecraft:composter":1,"minecraft:torch":7,"minecraft:green_bed":5,"minecraft:spruce_stairs":41,"minecraft:porkchop":11,"minecraft:diorite":264,"minecraft:cauldron":4,"minecraft:rotten_flesh":47,"minecraft:red_tulip":6,"minecraft:leather_horse_armor":1,"minecraft:cobblestone":681,"minecraft:birch_log":353,"minecraft:feather":1,"minecraft:lilac":5,"minecraft:smoker":2,"minecraft:flint":4,"minecraft:stripped_birch_log":12,"minecraft:dirt":1204,"minecraft:lantern":6,"minecraft:bone":13,"minecraft:stonecutter":1,"minecraft:bow":2,"minecraft:orange_tulip":6,"minecraft:wheat_seeds":107,"minecraft:raw_gold":1,"minecraft:cobbled_deepslate_slab":16,"minecraft:bell":2,"minecraft:grindstone":1,"minecraft:glowstone_dust":2,"minecraft:oak_planks":21,"biomesoplenty:toadstool":5,"minecraft:sand":120,"minecraft:stripped_spruce_log":3,"minecraft:cyan_bed":1,"minecraft:lily_of_the_valley":8,"minecraft:dark_oak_log":53,"naturalist:duck_egg":6,"minecraft:spruce_fence_gate":5,"naturalist:antler":1,"minecraft:diamond":2,"minecraft:spruce_boat":5,"minecraft:emerald":6,"minecraft:bread":7,"biomesoplenty:pink_daffodil":6,"minecraft:oak_sapling":23,"minecraft:light_gray_carpet":2,"minecraft:dark_oak_fence":2,"minecraft:mud":2,"minecraft:charcoal":2,"minecraft:crafting_table":6,"minecraft:azure_bluet":8,"minecraft:brown_mushroom":4,"gravestone:obituary":5,"minecraft:cornflower":3,"minecraft:oak_trapdoor":3,"minecraft:birch_fence":3,"minecraft:cracked_stone_bricks":1,"minecraft:cartography_table":1,"minecraft:candle":7,"minecraft:beef":23,"minecraft:oak_boat":2,"minecraft:poppy":5,"minecraft:spruce_slab":3,"minecraft:sugar_cane":8,"minecraft:chest":1,"minecraft:birch_sapling":5,"minecraft:spruce_trapdoor":11,"minecraft:egg":5,"minecraft:raw_iron":47,"minecraft:carrot":1,"minecraft:redstone":15,"minecraft:dark_oak_planks":16,"biomesoplenty:icy_iris":1,"minecraft:arrow":8,"minecraft:beetroot_seeds":25,"minecraft:hay_block":42,"minecraft:pink_tulip":4,"minecraft:glow_berries":4,"minecraft:mutton":6,"minecraft:white_wool":3,"minecraft:rail":15,"minecraft:clock":1,"minecraft:tripwire_hook":1,"minecraft:leather":5,"minecraft:red_mushroom":2,"minecraft:birch_planks":11,"minecraft:oak_log":82,"minecraft:cobbled_deepslate_stairs":5,"minecraft:gunpowder":4,"minecraft:blue_bed":5,"minecraft:white_banner":2,"minecraft:apple":5,"minecraft:stone_bricks":18,"minecraft:oak_fence_gate":1,"minecraft:rabbit_hide":1,"minecraft:iron_ingot":3,"minecraft:glass_bottle":3,"minecraft:iron_sword":1,"minecraft:book":18,"minecraft:scaffolding":653,"minecraft:smooth_basalt":42,"minecraft:birch_boat":9,"minecraft:pumpkin":15,"minecraft:sweet_berries":45,"minecraft:stone_brick_slab":1,"minecraft:dandelion":4,"minecraft:gravel":1,"minecraft:birch_stairs":1,"minecraft:spruce_sapling":35,"minecraft:blast_furnace":1,"minecraft:spruce_log":866,"minecraft:spider_eye":5,"travelersbackpack:standard":10,"minecraft:dried_kelp_block":2,"minecraft:slime_ball":5,"minecraft:light_gray_candle":1,"minecraft:polished_diorite":23,"minecraft:stone_axe":1,"minecraft:honey_block":1,"minecraft:black_wool":1,"minecraft:coal":150,"minecraft:sunflower":24},"minecraft:broken":{"minecraft:iron_shovel":2,"minecraft:iron_chestplate":1,"minecraft:golden_leggings":1,"minecraft:stone_pickaxe":2,"minecraft:stone_axe":11,"minecraft:iron_sword":2,"minecraft:wooden_axe":1,"minecraft:stone_shovel":1,"minecraft:stone_sword":1,"minecraft:iron_axe":4,"minecraft:leather_boots":1,"minecraft:iron_pickaxe":5,"minecraft:iron_helmet":2}},"DataVersion":3465}