{"stats":{"minecraft:picked_up":{"minecraft:azure_bluet":3,"minecraft:crafting_table":2,"minecraft:lilac":1,"minecraft:tripwire_hook":1,"minecraft:leather":3,"minecraft:potion":1,"minecraft:oak_log":14,"gravestone:obituary":1,"minecraft:blue_bed":5,"minecraft:dirt":366,"minecraft:apple":3,"minecraft:wheat_seeds":10,"minecraft:candle":6,"minecraft:spruce_planks":3,"minecraft:beef":8,"minecraft:white_tulip":3,"minecraft:rose_bush":18,"minecraft:poppy":1,"minecraft:iron_sword":1,"minecraft:oak_planks":1,"minecraft:sugar_cane":5,"minecraft:chest":1,"minecraft:spruce_trapdoor":1,"minecraft:egg":1,"minecraft:scaffolding":1,"minecraft:stick":5,"minecraft:pumpkin":6,"minecraft:sweet_berries":35,"minecraft:torch":3,"minecraft:green_bed":3,"minecraft:porkchop":4,"minecraft:sand":15,"minecraft:lily_of_the_valley":3,"minecraft:spruce_log":14,"naturalist:duck_egg":3,"minecraft:dark_oak_planks":2,"biomesoplenty:icy_iris":1,"minecraft:dried_kelp_block":2,"minecraft:spruce_boat":5,"minecraft:honey_block":1,"minecraft:red_tulip":3,"minecraft:pink_tulip":1,"minecraft:oak_sapling":10,"minecraft:emerald":1,"minecraft:black_wool":1,"minecraft:light_gray_carpet":2,"minecraft:mutton":6,"minecraft:coal":19,"minecraft:white_wool":3,"minecraft:cobblestone":34,"minecraft:sunflower":9},"minecraft:crafted":{"minecraft:cooked_cod":5,"minecraft:wooden_sword":1,"minecraft:crafting_table":2,"minecraft:spruce_planks":56,"travelersbackpack:standard":1,"travelersbackpack:backpack_tank":2,"minecraft:wooden_pickaxe":1,"minecraft:bread":3,"minecraft:glass":15,"travelersbackpack:white_sleeping_bag":1,"minecraft:iron_axe":1,"minecraft:stick":8,"minecraft:iron_pickaxe":1,"minecraft:wooden_axe":1,"minecraft:chest":1,"minecraft:iron_shovel":1,"minecraft:spruce_boat":1},"minecraft:broken":{"minecraft:wooden_axe":1,"minecraft:stone_shovel":1},"minecraft:mined":{"minecraft:dark_oak_planks":3,"minecraft:scaffolding":1,"minecraft:candle":1,"minecraft:lily_of_the_valley":3,"minecraft:crafting_table":2,"minecraft:torch":2,"gravestone:gravestone":3,"minecraft:dark_oak_fence":6,"minecraft:grass_block":333,"minecraft:poppy":4,"minecraft:chest":1,"minecraft:rose_bush":5,"minecraft:spruce_leaves":8,"biomesoplenty:sprout":58,"minecraft:sugar_cane":2,"minecraft:blue_bed":6,"minecraft:wall_torch":1,"minecraft:large_fern":1,"biomesoplenty:icy_iris":1,"minecraft:sweet_berry_bush":14,"minecraft:ice":1,"minecraft:lilac":2,"minecraft:spruce_log":14,"minecraft:pumpkin":6,"minecraft:azure_bluet":3,"minecraft:grass":67,"minecraft:coal_ore":18,"minecraft:oak_log":14,"minecraft:dirt_path":4,"minecraft:sunflower":9,"minecraft:sand":15,"minecraft:dirt":19,"minecraft:stone":36,"minecraft:oak_leaves":54,"minecraft:cake":1,"minecraft:green_bed":3,"minecraft:fern":1},"minecraft:killed_by":{"minecraft:vindicator":2,"minecraft:pillager":1},"minecraft:dropped":{"minecraft:iron_sword":1,"minecraft:candle":3,"minecraft:porkchop":1,"minecraft:light_gray_carpet":1,"minecraft:spruce_trapdoor":1,"minecraft:mutton":1,"gravestone:obituary":2,"minecraft:sunflower":7,"minecraft:wooden_pickaxe":1,"minecraft:scaffolding":1,"minecraft:black_wool":1},"minecraft:killed":{"minecraft:pig":2,"minecraft:spider":1,"minecraft:vindicator":4,"minecraft:sheep":4,"minecraft:pillager":2,"minecraft:cow":4},"minecraft:used":{"minecraft:iron_shovel":194,"minecraft:stone_shovel":101,"minecraft:chest":1,"minecraft:iron_sword":60,"minecraft:blue_bed":5,"minecraft:green_bed":3,"minecraft:leather_boots":1,"naturalist:duck_egg":2,"minecraft:dirt":108,"minecraft:crafting_table":4,"minecraft:mushroom_stew":1,"minecraft:carrot":2,"minecraft:spruce_boat":6,"minecraft:wooden_axe":43,"minecraft:iron_axe":42,"minecraft:iron_pickaxe":54,"minecraft:bread":16,"minecraft:iron_helmet":1,"minecraft:wooden_sword":49,"travelersbackpack:standard":1,"minecraft:sweet_berries":47,"minecraft:cooked_cod":2,"minecraft:goat_horn":4,"minecraft:porkchop":3,"minecraft:experience_bottle":1,"minecraft:potato":5},"minecraft:custom":{"minecraft:interact_with_smithing_table":1,"minecraft:interact_with_furnace":8,"minecraft:mob_kills":17,"minecraft:interact_with_crafting_table":15,"minecraft:open_barrel":20,"minecraft:interact_with_loom":1,"minecraft:eat_cake_slice":2,"minecraft:leave_game":12,"minecraft:time_since_death":33338,"minecraft:sleep_in_bed":11,"minecraft:climb_one_cm":3777,"minecraft:time_since_rest":5284,"minecraft:sprint_one_cm":349469,"minecraft:damage_taken":1966,"minecraft:walk_one_cm":365710,"minecraft:drop":13,"minecraft:damage_dealt":2304,"minecraft:swim_one_cm":26313,"minecraft:talked_to_villager":1,"minecraft:fly_one_cm":411316,"minecraft:open_chest":31,"minecraft:crouch_one_cm":239,"minecraft:play_time":158256,"minecraft:deaths":4,"minecraft:sneak_time":414,"minecraft:walk_under_water_one_cm":11236,"minecraft:boat_one_cm":600847,"minecraft:jump":2415,"minecraft:walk_on_water_one_cm":19461,"minecraft:total_world_time":158256,"minecraft:fall_one_cm":67543}},"DataVersion":3465}