{"stats":{"minecraft:crafted":{"minecraft:wooden_sword":1,"minecraft:oak_planks":76,"minecraft:stone_shovel":1,"minecraft:birch_slab":6,"minecraft:furnace":3,"minecraft:stone":478,"minecraft:spruce_fence":21,"minecraft:oak_trapdoor":8,"minecraft:glass":15,"minecraft:stone_brick_slab":24,"minecraft:spruce_stairs":72,"travelersbackpack:white_sleeping_bag":1,"minecraft:iron_axe":4,"minecraft:spruce_slab":36,"minecraft:stone_pickaxe":2,"minecraft:chest":5,"minecraft:spruce_boat":1,"minecraft:stone_bricks":380,"minecraft:wheat":81,"minecraft:cooked_beef":12,"minecraft:cooked_cod":5,"minecraft:crafting_table":4,"minecraft:spruce_planks":432,"travelersbackpack:backpack_tank":2,"travelersbackpack:standard":1,"minecraft:baked_potato":19,"minecraft:wooden_pickaxe":1,"minecraft:iron_sword":1,"minecraft:cooked_salmon":19,"minecraft:birch_planks":76,"minecraft:stone_axe":1,"minecraft:bread":30,"minecraft:oak_boat":1,"minecraft:spruce_trapdoor":72,"minecraft:birch_fence":15,"minecraft:stick":60,"minecraft:iron_ingot":29,"minecraft:iron_pickaxe":3,"minecraft:wooden_axe":1,"minecraft:stone_sword":3,"minecraft:iron_shovel":2,"minecraft:torch":36,"minecraft:birch_stairs":8},"minecraft:picked_up":{"minecraft:crafting_table":5,"minecraft:azure_bluet":6,"minecraft:flower_pot":3,"minecraft:brown_mushroom":3,"minecraft:potion":2,"minecraft:stone_brick_stairs":1,"gravestone:obituary":2,"minecraft:string":15,"minecraft:raw_copper":10,"minecraft:birch_fence":3,"minecraft:beetroot":10,"minecraft:cartography_table":1,"minecraft:candle":6,"minecraft:spruce_planks":3,"minecraft:beef":13,"minecraft:white_tulip":3,"minecraft:oak_boat":2,"minecraft:rose_bush":18,"minecraft:poppy":3,"minecraft:sugar_cane":8,"minecraft:chest":1,"minecraft:birch_sapling":4,"minecraft:spruce_trapdoor":6,"minecraft:furnace":1,"minecraft:egg":4,"minecraft:stick":20,"minecraft:raw_iron":36,"minecraft:torch":5,"minecraft:green_bed":5,"minecraft:spruce_stairs":13,"minecraft:porkchop":4,"minecraft:diorite":19,"minecraft:redstone":15,"minecraft:dark_oak_planks":4,"biomesoplenty:icy_iris":1,"minecraft:arrow":7,"minecraft:rotten_flesh":28,"minecraft:beetroot_seeds":25,"minecraft:hay_block":18,"minecraft:red_tulip":5,"minecraft:pink_tulip":1,"minecraft:glow_berries":4,"minecraft:mutton":6,"minecraft:white_wool":3,"minecraft:cobblestone":663,"minecraft:birch_log":327,"minecraft:feather":1,"minecraft:lilac":2,"minecraft:tripwire_hook":1,"minecraft:leather":4,"minecraft:red_mushroom":2,"minecraft:flint":4,"minecraft:oak_log":19,"minecraft:gunpowder":1,"minecraft:blue_bed":5,"minecraft:stripped_birch_log":10,"minecraft:dirt":1012,"minecraft:lantern":1,"minecraft:white_banner":2,"minecraft:bone":11,"minecraft:apple":3,"minecraft:stone_bricks":15,"minecraft:bow":2,"minecraft:wheat_seeds":21,"minecraft:raw_gold":1,"minecraft:bell":1,"minecraft:rabbit_hide":1,"minecraft:grindstone":1,"minecraft:iron_ingot":3,"minecraft:iron_sword":1,"minecraft:oak_planks":17,"biomesoplenty:toadstool":5,"minecraft:scaffolding":1,"minecraft:pumpkin":15,"minecraft:sweet_berries":39,"minecraft:stone_brick_slab":1,"minecraft:gravel":1,"minecraft:birch_stairs":1,"minecraft:sand":15,"minecraft:stripped_spruce_log":1,"minecraft:spruce_sapling":16,"minecraft:cyan_bed":1,"minecraft:spruce_log":298,"minecraft:lily_of_the_valley":7,"minecraft:spider_eye":2,"naturalist:duck_egg":6,"travelersbackpack:standard":7,"minecraft:dried_kelp_block":2,"minecraft:light_gray_candle":1,"minecraft:diamond":2,"minecraft:spruce_boat":5,"minecraft:stone_axe":1,"minecraft:honey_block":1,"minecraft:emerald":6,"biomesoplenty:pink_daffodil":6,"minecraft:oak_sapling":14,"minecraft:light_gray_carpet":2,"minecraft:black_wool":1,"minecraft:dark_oak_fence":2,"minecraft:coal":119,"minecraft:sunflower":19},"minecraft:broken":{"minecraft:iron_shovel":2,"minecraft:stone_sword":1,"minecraft:golden_leggings":1,"minecraft:stone_pickaxe":1,"minecraft:iron_axe":4,"minecraft:leather_boots":1,"minecraft:stone_axe":2,"minecraft:iron_sword":1,"minecraft:iron_pickaxe":2,"minecraft:iron_helmet":1,"minecraft:wooden_axe":1,"minecraft:stone_shovel":1},"minecraft:mined":{"minecraft:dark_oak_planks":6,"minecraft:deepslate_diamond_ore":2,"minecraft:candle":1,"minecraft:stripped_birch_log":10,"minecraft:spruce_trapdoor":4,"gravestone:gravestone":8,"minecraft:dark_oak_fence":12,"minecraft:grass_block":731,"travelersbackpack:white_sleeping_bag":5,"minecraft:spruce_leaves":98,"minecraft:cartography_table":1,"minecraft:large_fern":4,"minecraft:hay_block":9,"minecraft:furnace":1,"biomesoplenty:toadstool":3,"biomesoplenty:icy_iris":1,"minecraft:iron_ore":36,"minecraft:potted_red_mushroom":1,"minecraft:pumpkin":15,"minecraft:azure_bluet":5,"minecraft:bell":1,"minecraft:dirt_path":4,"minecraft:vine":9,"minecraft:lantern":1,"minecraft:stone":663,"minecraft:cake":1,"minecraft:green_bed":5,"minecraft:deepslate_redstone_ore":3,"minecraft:birch_stairs":1,"minecraft:scaffolding":1,"minecraft:potted_brown_mushroom":1,"minecraft:lily_of_the_valley":5,"minecraft:stone_brick_slab":1,"travelersbackpack:standard":7,"minecraft:crafting_table":5,"minecraft:torch":2,"minecraft:poppy":4,"minecraft:chest":1,"minecraft:rose_bush":5,"minecraft:copper_ore":3,"minecraft:cobblestone":7,"biomesoplenty:sprout":79,"minecraft:cyan_bed":1,"minecraft:grindstone":1,"minecraft:sugar_cane":3,"minecraft:blue_bed":6,"minecraft:wall_torch":3,"minecraft:diorite":23,"minecraft:spruce_stairs":13,"minecraft:mud":1,"minecraft:birch_log":327,"minecraft:sweet_berry_bush":15,"minecraft:ice":1,"biomesoplenty:pink_daffodil":6,"minecraft:lilac":7,"minecraft:spruce_log":307,"minecraft:birch_leaves":74,"minecraft:stone_brick_stairs":1,"minecraft:potted_poppy":1,"minecraft:grass":92,"minecraft:coal_ore":116,"minecraft:oak_log":19,"minecraft:beetroots":10,"minecraft:gravel":1,"biomesoplenty:fir_leaves":1,"minecraft:dirt":186,"minecraft:sunflower":17,"minecraft:sand":15,"minecraft:cobweb":8,"minecraft:stone_bricks":16,"minecraft:gold_ore":1,"minecraft:oak_leaves":81,"minecraft:birch_fence":5,"minecraft:fern":3},"minecraft:killed_by":{"minecraft:player":2,"minecraft:creeper":1,"minecraft:pillager":1,"minecraft:vindicator":3,"minecraft:skeleton":1},"minecraft:dropped":{"minecraft:iron_ingot":7,"minecraft:iron_sword":1,"minecraft:candle":3,"minecraft:brown_mushroom":1,"minecraft:porkchop":1,"minecraft:dirt":64,"minecraft:dark_oak_fence":2,"minecraft:mutton":1,"gravestone:obituary":2,"minecraft:sunflower":7,"minecraft:string":1,"minecraft:sweet_berries":2,"minecraft:rotten_flesh":2,"minecraft:light_gray_carpet":1,"minecraft:azure_bluet":1,"minecraft:flower_pot":2,"minecraft:spruce_trapdoor":1,"minecraft:bow":2,"minecraft:wooden_pickaxe":1,"minecraft:scaffolding":1,"minecraft:black_wool":1,"minecraft:egg":3},"minecraft:killed":{"minecraft:witch":4,"minecraft:spider":11,"minecraft:vindicator":4,"minecraft:skeleton":6,"minecraft:pig":2,"minecraft:ravager":2,"minecraft:creeper":1,"minecraft:sheep":4,"minecraft:pillager":8,"minecraft:zombie":21,"minecraft:cow":7},"minecraft:used":{"minecraft:oak_trapdoor":4,"minecraft:stone_sword":271,"minecraft:iron_shovel":511,"minecraft:spruce_slab":29,"minecraft:stone_shovel":101,"minecraft:poppy":1,"minecraft:chest":5,"minecraft:stone":49,"minecraft:iron_sword":437,"minecraft:cooked_salmon":19,"minecraft:torch":36,"minecraft:dirt":561,"minecraft:mutton":3,"minecraft:lily_of_the_valley":3,"minecraft:spruce_stairs":72,"minecraft:carrot":18,"minecraft:spruce_fence":10,"minecraft:wooden_axe":43,"minecraft:spruce_boat":6,"minecraft:stone_brick_slab":11,"minecraft:iron_axe":1006,"minecraft:iron_helmet":1,"minecraft:stone_bricks":378,"minecraft:beef":1,"minecraft:sweet_berries":50,"minecraft:goat_horn":4,"minecraft:furnace":3,"minecraft:cooked_cod":5,"minecraft:potato":56,"minecraft:cooked_beef":12,"minecraft:water_bucket":4,"minecraft:diorite":19,"minecraft:birch_planks":30,"minecraft:stripped_birch_log":1,"minecraft:stone_pickaxe":189,"minecraft:blue_bed":5,"minecraft:green_bed":5,"minecraft:leather_boots":1,"naturalist:duck_egg":2,"minecraft:cookie":6,"minecraft:mushroom_stew":1,"minecraft:crafting_table":8,"minecraft:spruce_log":159,"minecraft:birch_fence":5,"minecraft:flower_pot":1,"minecraft:sunflower":1,"minecraft:iron_pickaxe":702,"minecraft:bread":108,"minecraft:spruce_trapdoor":72,"biomesoplenty:toadstool":1,"minecraft:golden_leggings":1,"minecraft:stone_axe":251,"minecraft:wooden_sword":49,"travelersbackpack:standard":29,"minecraft:cobblestone":145,"minecraft:porkchop":3,"minecraft:bucket":4,"minecraft:birch_log":230,"minecraft:pumpkin_pie":5,"minecraft:oak_boat":2,"minecraft:birch_stairs":4,"minecraft:experience_bottle":2},"minecraft:custom":{"minecraft:interact_with_smithing_table":1,"minecraft:mob_kills":75,"minecraft:interact_with_crafting_table":109,"minecraft:open_barrel":26,"minecraft:leave_game":26,"minecraft:eat_cake_slice":3,"minecraft:time_since_death":75425,"minecraft:climb_one_cm":10320,"minecraft:sprint_one_cm":1654276,"minecraft:walk_one_cm":1802497,"minecraft:drop":28,"minecraft:talked_to_villager":4,"minecraft:raid_win":1,"minecraft:play_time":650174,"minecraft:sneak_time":3550,"minecraft:deaths":9,"minecraft:walk_under_water_one_cm":34683,"minecraft:boat_one_cm":857316,"minecraft:jump":10574,"minecraft:interact_with_blast_furnace":10,"minecraft:walk_on_water_one_cm":53424,"minecraft:total_world_time":650174,"minecraft:interact_with_furnace":102,"minecraft:interact_with_loom":1,"minecraft:raid_trigger":1,"minecraft:pot_flower":1,"minecraft:interact_with_stonecutter":1,"minecraft:sleep_in_bed":47,"minecraft:time_since_rest":32692,"minecraft:damage_taken":9987,"minecraft:damage_dealt":15182,"minecraft:swim_one_cm":62875,"minecraft:fly_one_cm":1814954,"minecraft:open_chest":101,"minecraft:crouch_one_cm":6628,"minecraft:fall_one_cm":283302}},"DataVersion":3465}