{"stats":{"minecraft:crafted":{"minecraft:oak_planks":76,"minecraft:birch_slab":6,"minecraft:stone":478,"minecraft:glass":20,"minecraft:stone_brick_slab":24,"minecraft:chest":5,"minecraft:stone_bricks":380,"minecraft:crafting_table":4,"minecraft:spruce_planks":868,"minecraft:wooden_pickaxe":1,"minecraft:baked_potato":19,"travelersbackpack:standard":1,"minecraft:spruce_door":3,"minecraft:birch_planks":76,"minecraft:spruce_trapdoor":74,"minecraft:birch_fence":15,"minecraft:stick":96,"minecraft:iron_ingot":39,"minecraft:iron_pickaxe":4,"minecraft:stone_sword":3,"minecraft:spruce_fence_gate":6,"minecraft:birch_stairs":8,"minecraft:deepslate_tile_slab":48,"minecraft:wooden_sword":1,"minecraft:coal":9,"minecraft:stone_shovel":1,"minecraft:furnace":3,"minecraft:spruce_fence":21,"minecraft:glass_pane":16,"minecraft:oak_trapdoor":8,"minecraft:spruce_stairs":136,"travelersbackpack:white_sleeping_bag":1,"minecraft:iron_axe":4,"minecraft:spruce_slab":102,"minecraft:stone_pickaxe":2,"minecraft:spruce_boat":1,"minecraft:wheat":81,"minecraft:cooked_beef":12,"minecraft:cooked_cod":5,"travelersbackpack:backpack_tank":2,"minecraft:iron_sword":1,"minecraft:cooked_salmon":24,"minecraft:deepslate_tiles":44,"minecraft:stone_axe":6,"minecraft:bread":30,"minecraft:oak_boat":1,"minecraft:wooden_axe":1,"minecraft:iron_shovel":2,"minecraft:torch":36},"minecraft:picked_up":{"minecraft:flower_pot":3,"minecraft:potion":2,"minecraft:stone_brick_stairs":1,"minecraft:string":16,"minecraft:raw_copper":10,"minecraft:beetroot":10,"minecraft:cobbled_deepslate":183,"minecraft:spruce_planks":13,"minecraft:white_tulip":3,"minecraft:rose_bush":18,"minecraft:coal_block":1,"minecraft:furnace":1,"minecraft:stick":49,"minecraft:torch":5,"minecraft:green_bed":5,"minecraft:spruce_stairs":14,"minecraft:porkchop":4,"minecraft:diorite":19,"minecraft:rotten_flesh":44,"minecraft:red_tulip":5,"minecraft:leather_horse_armor":1,"minecraft:cobblestone":666,"minecraft:birch_log":327,"minecraft:lilac":4,"minecraft:feather":1,"minecraft:smoker":1,"minecraft:flint":4,"minecraft:dirt":1085,"minecraft:stripped_birch_log":10,"minecraft:lantern":6,"minecraft:bone":13,"minecraft:bow":2,"minecraft:wheat_seeds":30,"minecraft:raw_gold":1,"minecraft:cobbled_deepslate_slab":16,"minecraft:bell":1,"minecraft:grindstone":1,"minecraft:glowstone_dust":2,"minecraft:oak_planks":17,"biomesoplenty:toadstool":5,"minecraft:sand":120,"minecraft:stripped_spruce_log":1,"minecraft:lily_of_the_valley":7,"minecraft:cyan_bed":1,"naturalist:duck_egg":6,"minecraft:diamond":2,"minecraft:spruce_boat":5,"minecraft:emerald":6,"biomesoplenty:pink_daffodil":6,"minecraft:oak_sapling":14,"minecraft:light_gray_carpet":2,"minecraft:dark_oak_fence":2,"minecraft:mud":2,"minecraft:crafting_table":5,"minecraft:azure_bluet":6,"minecraft:brown_mushroom":4,"gravestone:obituary":2,"minecraft:birch_fence":3,"minecraft:cracked_stone_bricks":1,"minecraft:cartography_table":1,"minecraft:candle":7,"minecraft:beef":13,"minecraft:oak_boat":2,"minecraft:poppy":3,"minecraft:spruce_slab":1,"minecraft:sugar_cane":8,"minecraft:chest":1,"minecraft:birch_sapling":4,"minecraft:spruce_trapdoor":7,"minecraft:egg":4,"minecraft:raw_iron":39,"minecraft:carrot":1,"minecraft:redstone":15,"minecraft:dark_oak_planks":4,"biomesoplenty:icy_iris":1,"minecraft:arrow":8,"minecraft:beetroot_seeds":25,"minecraft:hay_block":18,"minecraft:pink_tulip":1,"minecraft:glow_berries":4,"minecraft:mutton":6,"minecraft:white_wool":3,"minecraft:clock":1,"minecraft:tripwire_hook":1,"minecraft:leather":4,"minecraft:red_mushroom":2,"minecraft:oak_log":19,"minecraft:cobbled_deepslate_stairs":5,"minecraft:gunpowder":2,"minecraft:blue_bed":5,"minecraft:white_banner":2,"minecraft:apple":3,"minecraft:stone_bricks":15,"minecraft:rabbit_hide":1,"minecraft:iron_ingot":3,"minecraft:glass_bottle":3,"minecraft:iron_sword":1,"minecraft:book":18,"minecraft:scaffolding":107,"minecraft:smooth_basalt":42,"minecraft:pumpkin":15,"minecraft:sweet_berries":39,"minecraft:stone_brick_slab":1,"minecraft:gravel":1,"minecraft:birch_stairs":1,"minecraft:spruce_sapling":23,"minecraft:blast_furnace":1,"minecraft:spruce_log":665,"minecraft:spider_eye":5,"travelersbackpack:standard":8,"minecraft:dried_kelp_block":2,"minecraft:slime_ball":4,"minecraft:light_gray_candle":1,"minecraft:stone_axe":1,"minecraft:honey_block":1,"minecraft:black_wool":1,"minecraft:coal":122,"minecraft:sunflower":19},"minecraft:broken":{"minecraft:iron_shovel":2,"minecraft:golden_leggings":1,"minecraft:stone_pickaxe":2,"minecraft:stone_axe":6,"minecraft:iron_sword":2,"minecraft:wooden_axe":1,"minecraft:stone_shovel":1,"minecraft:stone_sword":1,"minecraft:iron_axe":4,"minecraft:leather_boots":1,"minecraft:iron_pickaxe":3,"minecraft:iron_helmet":1},"minecraft:mined":{"minecraft:dark_oak_planks":6,"minecraft:spruce_planks":10,"minecraft:cobbled_deepslate_stairs":5,"minecraft:spruce_trapdoor":6,"minecraft:grass_block":733,"minecraft:coal_block":1,"minecraft:iron_ore":36,"minecraft:cobbled_deepslate":186,"minecraft:potted_red_mushroom":1,"minecraft:pumpkin":15,"minecraft:azure_bluet":5,"minecraft:dirt_path":4,"minecraft:spruce_slab":6,"minecraft:green_bed":5,"minecraft:deepslate_redstone_ore":3,"minecraft:potted_brown_mushroom":1,"minecraft:smoker":1,"minecraft:torch":2,"minecraft:blast_furnace":1,"minecraft:poppy":4,"minecraft:chest":1,"minecraft:glass":1,"minecraft:cobblestone":7,"minecraft:cyan_bed":1,"minecraft:grindstone":1,"minecraft:sugar_cane":3,"minecraft:wall_torch":3,"minecraft:mud":3,"minecraft:birch_log":327,"minecraft:lilac":7,"minecraft:potted_poppy":1,"minecraft:stone_brick_stairs":1,"minecraft:grass":106,"minecraft:oak_log":19,"minecraft:beetroots":10,"minecraft:sand":120,"minecraft:dirt":267,"minecraft:smooth_basalt":42,"minecraft:oak_leaves":82,"minecraft:deepslate_diamond_ore":2,"minecraft:candle":1,"minecraft:stripped_birch_log":10,"gravestone:gravestone":9,"minecraft:dark_oak_fence":12,"minecraft:cobbled_deepslate_slab":16,"travelersbackpack:white_sleeping_bag":5,"minecraft:spruce_leaves":238,"minecraft:cartography_table":1,"minecraft:large_fern":4,"minecraft:hay_block":9,"minecraft:furnace":1,"biomesoplenty:toadstool":3,"biomesoplenty:icy_iris":1,"minecraft:bell":1,"minecraft:bookshelf":6,"minecraft:deepslate_iron_ore":4,"minecraft:vine":11,"minecraft:lantern":6,"minecraft:stone":666,"minecraft:cake":1,"minecraft:birch_stairs":1,"minecraft:scaffolding":55,"minecraft:lily_of_the_valley":5,"minecraft:stone_brick_slab":1,"travelersbackpack:standard":7,"minecraft:crafting_table":5,"minecraft:rose_bush":6,"minecraft:lectern":1,"minecraft:copper_ore":3,"minecraft:deepslate_coal_ore":3,"biomesoplenty:sprout":84,"minecraft:diorite":23,"minecraft:blue_bed":6,"minecraft:spruce_stairs":14,"minecraft:sweet_berry_bush":15,"minecraft:ice":1,"biomesoplenty:pink_daffodil":6,"minecraft:spruce_log":670,"minecraft:birch_leaves":74,"minecraft:coal_ore":116,"biomesoplenty:fir_leaves":1,"minecraft:sunflower":19,"minecraft:gravel":1,"minecraft:cobweb":9,"minecraft:stone_bricks":16,"minecraft:gold_ore":1,"minecraft:birch_fence":5,"minecraft:fern":3},"minecraft:killed_by":{"minecraft:creeper":1,"minecraft:pillager":1,"minecraft:vindicator":3,"minecraft:player":3,"minecraft:skeleton":1},"minecraft:dropped":{"minecraft:iron_sword":1,"minecraft:candle":3,"minecraft:brown_mushroom":1,"minecraft:porkchop":1,"minecraft:glass_bottle":3,"minecraft:leather":1,"minecraft:dirt":64,"minecraft:dark_oak_fence":2,"minecraft:mutton":1,"gravestone:obituary":2,"minecraft:sunflower":7,"minecraft:bone":1,"minecraft:cobbled_deepslate":20,"minecraft:rotten_flesh":5,"minecraft:light_gray_carpet":1,"minecraft:azure_bluet":1,"minecraft:arrow":1,"minecraft:glass":1,"minecraft:scaffolding":1,"minecraft:stone_brick_stairs":1,"minecraft:egg":3,"minecraft:iron_ingot":7,"minecraft:wheat_seeds":3,"minecraft:stick":30,"minecraft:mud":2,"minecraft:string":1,"minecraft:spruce_sapling":2,"minecraft:redstone":1,"minecraft:furnace":1,"minecraft:sweet_berries":2,"minecraft:flower_pot":2,"minecraft:spruce_trapdoor":2,"minecraft:bow":2,"minecraft:wooden_pickaxe":1,"minecraft:black_wool":1},"minecraft:custom":{"minecraft:interact_with_crafting_table":144,"minecraft:open_barrel":29,"minecraft:eat_cake_slice":6,"minecraft:leave_game":26,"minecraft:time_since_death":46252,"minecraft:sprint_one_cm":1982115,"minecraft:drop":51,"minecraft:talked_to_villager":6,"minecraft:play_time":840938,"minecraft:deaths":10,"minecraft:jump":12984,"minecraft:walk_on_water_one_cm":65878,"minecraft:interact_with_furnace":112,"minecraft:interact_with_loom":1,"minecraft:sleep_in_bed":57,"minecraft:damage_dealt":20591,"minecraft:crouch_one_cm":9702,"minecraft:interact_with_smoker":8,"minecraft:interact_with_smithing_table":1,"minecraft:mob_kills":101,"minecraft:climb_one_cm":46444,"minecraft:walk_one_cm":2441623,"minecraft:raid_win":1,"minecraft:sneak_time":5305,"minecraft:walk_under_water_one_cm":36537,"minecraft:boat_one_cm":857316,"minecraft:interact_with_blast_furnace":14,"minecraft:total_world_time":840938,"minecraft:raid_trigger":1,"minecraft:pot_flower":1,"minecraft:interact_with_grindstone":2,"minecraft:interact_with_stonecutter":2,"minecraft:time_since_rest":11210,"minecraft:damage_taken":12538,"minecraft:swim_one_cm":79118,"minecraft:fly_one_cm":2132542,"minecraft:open_chest":145,"minecraft:fall_one_cm":353123},"minecraft:killed":{"minecraft:witch":7,"minecraft:spider":13,"minecraft:skeleton":7,"minecraft:pig":2,"minecraft:creeper":1,"minecraft:sheep":4,"minecraft:pillager":8,"minecraft:zombie":36,"minecraft:cow":7,"minecraft:vindicator":4,"minecraft:slime":4,"minecraft:ravager":2},"minecraft:used":{"minecraft:iron_shovel":511,"minecraft:spruce_slab":90,"minecraft:poppy":1,"minecraft:chest":5,"minecraft:stone":52,"minecraft:iron_sword":694,"minecraft:mutton":3,"minecraft:lily_of_the_valley":3,"minecraft:carrot":20,"minecraft:deepslate_tile_slab":31,"minecraft:spruce_boat":6,"minecraft:glass":1,"minecraft:lantern":4,"minecraft:iron_helmet":1,"minecraft:stone_bricks":378,"minecraft:scaffolding":106,"minecraft:sweet_berries":50,"minecraft:furnace":3,"minecraft:cooked_cod":5,"minecraft:potato":56,"minecraft:diorite":19,"minecraft:spruce_door":1,"minecraft:stripped_birch_log":1,"minecraft:stone_pickaxe":252,"minecraft:blue_bed":5,"naturalist:duck_egg":2,"minecraft:cookie":6,"minecraft:mushroom_stew":1,"minecraft:blast_furnace":1,"minecraft:birch_fence":5,"minecraft:deepslate_tiles":4,"minecraft:bread":151,"minecraft:wooden_sword":49,"minecraft:grindstone":1,"minecraft:birch_log":230,"minecraft:oak_boat":2,"minecraft:experience_bottle":2,"minecraft:oak_trapdoor":4,"minecraft:stone_sword":285,"minecraft:stone_shovel":217,"minecraft:spruce_planks":277,"minecraft:cooked_salmon":24,"minecraft:torch":36,"minecraft:dirt":647,"minecraft:spruce_stairs":146,"minecraft:spruce_fence":19,"minecraft:stone_brick_slab":11,"minecraft:wooden_axe":43,"minecraft:iron_axe":1006,"minecraft:beef":1,"minecraft:goat_horn":4,"minecraft:cooked_beef":12,"minecraft:water_bucket":4,"minecraft:birch_planks":30,"minecraft:spruce_fence_gate":5,"minecraft:green_bed":5,"minecraft:leather_boots":1,"minecraft:crafting_table":9,"minecraft:smoker":1,"minecraft:spruce_log":381,"minecraft:flower_pot":1,"minecraft:sunflower":1,"minecraft:iron_pickaxe":917,"minecraft:spruce_trapdoor":74,"biomesoplenty:toadstool":1,"minecraft:golden_leggings":1,"minecraft:stone_axe":889,"minecraft:cobblestone":154,"travelersbackpack:standard":29,"minecraft:porkchop":3,"minecraft:bucket":4,"minecraft:glass_pane":8,"minecraft:pumpkin_pie":5,"minecraft:birch_stairs":4}},"DataVersion":3465}