{"stats":{"minecraft:crafted":{"minecraft:wooden_sword":1,"minecraft:furnace":1,"minecraft:stone":94,"minecraft:glass":15,"travelersbackpack:white_sleeping_bag":1,"minecraft:iron_axe":1,"minecraft:stone_pickaxe":1,"minecraft:chest":1,"minecraft:spruce_boat":1,"minecraft:stone_bricks":52,"minecraft:cooked_cod":5,"minecraft:crafting_table":2,"minecraft:spruce_planks":56,"minecraft:baked_potato":19,"travelersbackpack:backpack_tank":2,"minecraft:wooden_pickaxe":1,"travelersbackpack:standard":1,"minecraft:bread":3,"minecraft:stick":8,"minecraft:iron_ingot":18,"minecraft:iron_pickaxe":1,"minecraft:wooden_axe":1,"minecraft:iron_shovel":1},"minecraft:picked_up":{"minecraft:crafting_table":2,"minecraft:azure_bluet":4,"minecraft:potion":1,"gravestone:obituary":1,"minecraft:candle":6,"minecraft:spruce_planks":3,"minecraft:beef":8,"minecraft:white_tulip":3,"minecraft:rose_bush":18,"minecraft:poppy":1,"minecraft:sugar_cane":5,"minecraft:chest":1,"minecraft:spruce_trapdoor":1,"minecraft:egg":1,"minecraft:raw_iron":18,"minecraft:stick":5,"minecraft:green_bed":3,"minecraft:torch":3,"minecraft:porkchop":4,"minecraft:diorite":19,"minecraft:redstone":14,"minecraft:dark_oak_planks":2,"biomesoplenty:icy_iris":1,"minecraft:red_tulip":3,"minecraft:pink_tulip":1,"minecraft:mutton":6,"minecraft:white_wool":3,"minecraft:cobblestone":184,"minecraft:lilac":1,"minecraft:tripwire_hook":1,"minecraft:leather":3,"minecraft:oak_log":14,"minecraft:blue_bed":5,"minecraft:dirt":471,"minecraft:bone":1,"minecraft:stone_bricks":4,"minecraft:apple":3,"minecraft:bow":1,"minecraft:wheat_seeds":11,"minecraft:raw_gold":1,"minecraft:oak_planks":1,"minecraft:iron_sword":1,"minecraft:scaffolding":1,"minecraft:pumpkin":6,"minecraft:sweet_berries":35,"minecraft:sand":15,"minecraft:spruce_log":14,"minecraft:lily_of_the_valley":6,"naturalist:duck_egg":3,"travelersbackpack:standard":1,"minecraft:dried_kelp_block":2,"minecraft:diamond":2,"minecraft:spruce_boat":5,"minecraft:honey_block":1,"minecraft:emerald":1,"minecraft:oak_sapling":10,"minecraft:light_gray_carpet":2,"minecraft:black_wool":1,"minecraft:coal":19,"minecraft:sunflower":9},"minecraft:broken":{"minecraft:iron_shovel":1,"minecraft:iron_pickaxe":1,"minecraft:wooden_axe":1,"minecraft:stone_shovel":1},"minecraft:mined":{"minecraft:dark_oak_planks":3,"minecraft:deepslate_diamond_ore":2,"minecraft:candle":1,"gravestone:gravestone":3,"minecraft:dark_oak_fence":6,"minecraft:grass_block":437,"minecraft:spruce_leaves":8,"minecraft:large_fern":1,"biomesoplenty:icy_iris":1,"minecraft:iron_ore":18,"minecraft:pumpkin":6,"minecraft:azure_bluet":4,"minecraft:dirt_path":4,"minecraft:stone":184,"minecraft:cake":1,"minecraft:green_bed":3,"minecraft:deepslate_redstone_ore":3,"minecraft:scaffolding":1,"minecraft:lily_of_the_valley":4,"minecraft:torch":2,"travelersbackpack:standard":1,"minecraft:crafting_table":2,"minecraft:poppy":4,"minecraft:chest":1,"minecraft:rose_bush":5,"biomesoplenty:sprout":59,"minecraft:sugar_cane":2,"minecraft:diorite":23,"minecraft:blue_bed":6,"minecraft:wall_torch":1,"minecraft:sweet_berry_bush":14,"minecraft:ice":1,"minecraft:lilac":2,"minecraft:spruce_log":14,"minecraft:grass":71,"minecraft:oak_log":14,"minecraft:coal_ore":18,"minecraft:sunflower":10,"minecraft:sand":15,"minecraft:dirt":23,"minecraft:stone_bricks":4,"minecraft:gold_ore":1,"minecraft:oak_leaves":55,"minecraft:fern":1},"minecraft:killed_by":{"minecraft:pillager":1,"minecraft:vindicator":2},"minecraft:dropped":{"minecraft:iron_sword":1,"minecraft:candle":3,"minecraft:porkchop":1,"minecraft:mutton":1,"gravestone:obituary":2,"minecraft:sunflower":7,"minecraft:light_gray_carpet":1,"minecraft:spruce_trapdoor":1,"minecraft:wooden_pickaxe":1,"minecraft:scaffolding":1,"minecraft:black_wool":1},"minecraft:killed":{"minecraft:vindicator":4,"minecraft:spider":1,"minecraft:skeleton":1,"minecraft:pig":2,"minecraft:sheep":4,"minecraft:pillager":2,"minecraft:cow":4},"minecraft:used":{"minecraft:iron_shovel":259,"minecraft:stone_shovel":101,"minecraft:chest":1,"minecraft:iron_sword":74,"minecraft:torch":2,"minecraft:dirt":151,"minecraft:carrot":2,"minecraft:spruce_boat":6,"minecraft:wooden_axe":43,"minecraft:iron_axe":43,"minecraft:iron_helmet":1,"minecraft:stone_bricks":8,"minecraft:sweet_berries":47,"minecraft:furnace":1,"minecraft:goat_horn":4,"minecraft:cooked_cod":2,"minecraft:potato":5,"minecraft:water_bucket":1,"minecraft:diorite":19,"minecraft:stone_pickaxe":4,"minecraft:blue_bed":5,"minecraft:green_bed":3,"minecraft:leather_boots":1,"naturalist:duck_egg":2,"minecraft:crafting_table":4,"minecraft:mushroom_stew":1,"minecraft:bread":23,"minecraft:iron_pickaxe":250,"minecraft:wooden_sword":49,"travelersbackpack:standard":6,"minecraft:porkchop":3,"minecraft:experience_bottle":1},"minecraft:custom":{"minecraft:interact_with_smithing_table":1,"minecraft:mob_kills":18,"minecraft:interact_with_crafting_table":23,"minecraft:open_barrel":20,"minecraft:eat_cake_slice":2,"minecraft:leave_game":13,"minecraft:time_since_death":69157,"minecraft:climb_one_cm":4609,"minecraft:sprint_one_cm":392411,"minecraft:walk_one_cm":458322,"minecraft:drop":13,"minecraft:talked_to_villager":1,"minecraft:play_time":194075,"minecraft:deaths":4,"minecraft:sneak_time":585,"minecraft:walk_under_water_one_cm":20795,"minecraft:boat_one_cm":600847,"minecraft:jump":2991,"minecraft:interact_with_blast_furnace":9,"minecraft:walk_on_water_one_cm":27962,"minecraft:total_world_time":194075,"minecraft:interact_with_furnace":25,"minecraft:interact_with_loom":1,"minecraft:sleep_in_bed":12,"minecraft:time_since_rest":11775,"minecraft:damage_taken":2288,"minecraft:damage_dealt":2502,"minecraft:swim_one_cm":27250,"minecraft:fly_one_cm":473554,"minecraft:open_chest":35,"minecraft:crouch_one_cm":697,"minecraft:fall_one_cm":82692}},"DataVersion":3465}