{"stats":{"minecraft:crafted":{"minecraft:wooden_sword":1,"minecraft:furnace":2,"minecraft:stone":478,"minecraft:glass":15,"minecraft:stone_brick_slab":24,"travelersbackpack:white_sleeping_bag":1,"minecraft:iron_axe":2,"minecraft:stone_pickaxe":1,"minecraft:chest":1,"minecraft:spruce_boat":1,"minecraft:stone_bricks":380,"minecraft:cooked_cod":5,"minecraft:crafting_table":2,"minecraft:spruce_planks":60,"travelersbackpack:backpack_tank":2,"minecraft:baked_potato":19,"travelersbackpack:standard":1,"minecraft:wooden_pickaxe":1,"minecraft:cooked_salmon":19,"minecraft:bread":3,"minecraft:stick":16,"minecraft:iron_ingot":18,"minecraft:iron_pickaxe":3,"minecraft:wooden_axe":1,"minecraft:iron_shovel":2},"minecraft:picked_up":{"minecraft:crafting_table":3,"minecraft:azure_bluet":6,"minecraft:flower_pot":2,"minecraft:brown_mushroom":2,"minecraft:potion":1,"gravestone:obituary":1,"minecraft:string":2,"minecraft:candle":6,"minecraft:spruce_planks":3,"minecraft:beef":8,"minecraft:white_tulip":3,"minecraft:rose_bush":18,"minecraft:poppy":1,"minecraft:sugar_cane":5,"minecraft:chest":1,"minecraft:spruce_trapdoor":1,"minecraft:egg":1,"minecraft:stick":9,"minecraft:raw_iron":18,"minecraft:torch":3,"minecraft:green_bed":4,"minecraft:porkchop":4,"minecraft:diorite":19,"minecraft:redstone":14,"minecraft:dark_oak_planks":4,"biomesoplenty:icy_iris":1,"minecraft:rotten_flesh":4,"minecraft:hay_block":9,"minecraft:red_tulip":3,"minecraft:pink_tulip":1,"minecraft:mutton":6,"minecraft:white_wool":3,"minecraft:cobblestone":595,"minecraft:birch_log":81,"minecraft:lilac":1,"minecraft:tripwire_hook":1,"minecraft:leather":3,"minecraft:red_mushroom":1,"minecraft:oak_log":16,"minecraft:dirt":698,"minecraft:blue_bed":5,"minecraft:white_banner":1,"minecraft:bone":3,"minecraft:stone_bricks":11,"minecraft:apple":3,"minecraft:bow":2,"minecraft:wheat_seeds":19,"minecraft:raw_gold":1,"minecraft:rabbit_hide":1,"minecraft:iron_sword":1,"minecraft:oak_planks":1,"biomesoplenty:toadstool":3,"minecraft:scaffolding":1,"minecraft:pumpkin":6,"minecraft:sweet_berries":39,"minecraft:stone_brick_slab":1,"minecraft:sand":15,"minecraft:spruce_sapling":8,"minecraft:spruce_log":186,"minecraft:lily_of_the_valley":7,"naturalist:duck_egg":5,"travelersbackpack:standard":2,"minecraft:dried_kelp_block":2,"minecraft:diamond":2,"minecraft:spruce_boat":5,"minecraft:stone_axe":1,"minecraft:honey_block":1,"minecraft:emerald":1,"minecraft:oak_sapling":10,"minecraft:light_gray_carpet":2,"minecraft:black_wool":1,"minecraft:dark_oak_fence":2,"minecraft:coal":59,"minecraft:sunflower":14},"minecraft:broken":{"minecraft:iron_shovel":1,"minecraft:stone_pickaxe":1,"minecraft:iron_axe":2,"minecraft:leather_boots":1,"minecraft:iron_pickaxe":2,"minecraft:wooden_axe":1,"minecraft:stone_shovel":1},"minecraft:mined":{"minecraft:dark_oak_planks":6,"minecraft:deepslate_diamond_ore":2,"minecraft:candle":1,"gravestone:gravestone":5,"minecraft:dark_oak_fence":12,"minecraft:grass_block":657,"minecraft:spruce_leaves":52,"minecraft:large_fern":4,"minecraft:hay_block":9,"biomesoplenty:toadstool":3,"biomesoplenty:icy_iris":1,"minecraft:iron_ore":18,"minecraft:potted_red_mushroom":1,"minecraft:pumpkin":6,"minecraft:azure_bluet":5,"minecraft:dirt_path":4,"minecraft:stone":604,"minecraft:cake":1,"minecraft:green_bed":4,"minecraft:deepslate_redstone_ore":3,"minecraft:scaffolding":1,"minecraft:potted_brown_mushroom":1,"minecraft:lily_of_the_valley":5,"minecraft:stone_brick_slab":1,"travelersbackpack:standard":2,"minecraft:crafting_table":3,"minecraft:torch":2,"minecraft:poppy":4,"minecraft:chest":1,"minecraft:rose_bush":5,"minecraft:cobblestone":6,"biomesoplenty:sprout":71,"minecraft:sugar_cane":2,"minecraft:diorite":23,"minecraft:wall_torch":1,"minecraft:blue_bed":6,"minecraft:birch_log":81,"minecraft:sweet_berry_bush":15,"minecraft:ice":1,"minecraft:lilac":6,"minecraft:spruce_log":194,"minecraft:birch_leaves":12,"minecraft:grass":84,"minecraft:oak_log":16,"minecraft:coal_ore":61,"minecraft:sunflower":15,"minecraft:sand":15,"minecraft:dirt":40,"minecraft:stone_bricks":12,"minecraft:gold_ore":1,"minecraft:oak_leaves":60,"minecraft:fern":1},"minecraft:killed_by":{"minecraft:pillager":1,"minecraft:vindicator":3,"minecraft:skeleton":1},"minecraft:dropped":{"minecraft:iron_ingot":7,"minecraft:iron_sword":1,"minecraft:candle":3,"minecraft:brown_mushroom":1,"minecraft:porkchop":1,"minecraft:dark_oak_fence":2,"minecraft:mutton":1,"gravestone:obituary":2,"minecraft:sunflower":7,"minecraft:sweet_berries":2,"minecraft:light_gray_carpet":1,"minecraft:spruce_trapdoor":1,"minecraft:wooden_pickaxe":1,"minecraft:bow":2,"minecraft:scaffolding":1,"minecraft:black_wool":1},"minecraft:killed":{"minecraft:spider":3,"minecraft:vindicator":4,"minecraft:skeleton":2,"minecraft:pig":2,"minecraft:ravager":2,"minecraft:sheep":4,"minecraft:pillager":5,"minecraft:zombie":6,"minecraft:cow":4},"minecraft:used":{"minecraft:iron_shovel":472,"minecraft:stone_shovel":101,"minecraft:chest":1,"minecraft:stone":48,"minecraft:iron_sword":254,"minecraft:cooked_salmon":19,"minecraft:torch":3,"minecraft:dirt":225,"minecraft:lily_of_the_valley":3,"minecraft:carrot":18,"minecraft:spruce_boat":6,"minecraft:stone_brick_slab":11,"minecraft:wooden_axe":43,"minecraft:iron_axe":505,"minecraft:iron_helmet":1,"minecraft:stone_bricks":378,"minecraft:sweet_berries":50,"minecraft:goat_horn":4,"minecraft:furnace":2,"minecraft:cooked_cod":5,"minecraft:potato":29,"minecraft:water_bucket":1,"minecraft:diorite":19,"minecraft:stone_pickaxe":130,"minecraft:leather_boots":1,"minecraft:blue_bed":5,"minecraft:green_bed":4,"naturalist:duck_egg":2,"minecraft:crafting_table":5,"minecraft:mushroom_stew":1,"minecraft:spruce_log":146,"minecraft:sunflower":1,"minecraft:bread":39,"minecraft:iron_pickaxe":604,"biomesoplenty:toadstool":1,"minecraft:golden_leggings":1,"minecraft:stone_axe":103,"travelersbackpack:standard":13,"minecraft:wooden_sword":49,"minecraft:cobblestone":65,"minecraft:porkchop":3,"minecraft:birch_log":81,"minecraft:bucket":1,"minecraft:experience_bottle":1},"minecraft:custom":{"minecraft:interact_with_smithing_table":1,"minecraft:mob_kills":33,"minecraft:interact_with_crafting_table":58,"minecraft:open_barrel":20,"minecraft:eat_cake_slice":2,"minecraft:leave_game":16,"minecraft:time_since_death":21689,"minecraft:climb_one_cm":4609,"minecraft:sprint_one_cm":825055,"minecraft:walk_one_cm":977423,"minecraft:drop":20,"minecraft:talked_to_villager":4,"minecraft:raid_win":1,"minecraft:play_time":370618,"minecraft:deaths":6,"minecraft:sneak_time":1075,"minecraft:walk_under_water_one_cm":20795,"minecraft:boat_one_cm":600847,"minecraft:jump":5626,"minecraft:interact_with_blast_furnace":10,"minecraft:walk_on_water_one_cm":28104,"minecraft:total_world_time":370618,"minecraft:interact_with_furnace":86,"minecraft:interact_with_loom":1,"minecraft:interact_with_stonecutter":1,"minecraft:sleep_in_bed":29,"minecraft:time_since_rest":448,"minecraft:damage_taken":4957,"minecraft:damage_dealt":6229,"minecraft:swim_one_cm":27250,"minecraft:fly_one_cm":960132,"minecraft:open_chest":50,"minecraft:crouch_one_cm":901,"minecraft:fall_one_cm":150534}},"DataVersion":3465}