{"stats":{"minecraft:broken":{"minecraft:iron_shovel":1,"minecraft:stone_pickaxe":1,"minecraft:iron_axe":3,"minecraft:leather_boots":1,"minecraft:stone_axe":1,"minecraft:iron_sword":1,"minecraft:iron_pickaxe":2,"minecraft:wooden_axe":1,"minecraft:stone_shovel":1},"minecraft:mined":{"minecraft:dark_oak_planks":6,"minecraft:deepslate_diamond_ore":2,"minecraft:candle":1,"gravestone:gravestone":5,"minecraft:dark_oak_fence":12,"minecraft:grass_block":685,"travelersbackpack:white_sleeping_bag":2,"minecraft:spruce_leaves":52,"minecraft:large_fern":4,"minecraft:hay_block":9,"biomesoplenty:toadstool":3,"biomesoplenty:icy_iris":1,"minecraft:iron_ore":18,"minecraft:potted_red_mushroom":1,"minecraft:pumpkin":6,"minecraft:azure_bluet":5,"minecraft:dirt_path":4,"minecraft:stone":655,"minecraft:cake":1,"minecraft:green_bed":4,"minecraft:deepslate_redstone_ore":3,"minecraft:scaffolding":1,"minecraft:potted_brown_mushroom":1,"minecraft:lily_of_the_valley":5,"minecraft:stone_brick_slab":1,"travelersbackpack:standard":4,"minecraft:crafting_table":3,"minecraft:torch":2,"minecraft:poppy":4,"minecraft:chest":1,"minecraft:rose_bush":5,"minecraft:copper_ore":3,"minecraft:cobblestone":7,"biomesoplenty:sprout":71,"minecraft:sugar_cane":3,"minecraft:diorite":23,"minecraft:wall_torch":1,"minecraft:blue_bed":6,"minecraft:birch_log":311,"minecraft:sweet_berry_bush":15,"minecraft:ice":1,"minecraft:lilac":6,"minecraft:spruce_log":194,"minecraft:birch_leaves":73,"minecraft:grass":85,"minecraft:oak_log":16,"minecraft:coal_ore":95,"minecraft:gravel":1,"biomesoplenty:fir_leaves":1,"minecraft:sunflower":15,"minecraft:sand":15,"minecraft:dirt":55,"minecraft:stone_bricks":12,"minecraft:gold_ore":1,"minecraft:oak_leaves":65,"minecraft:fern":2},"minecraft:custom":{"minecraft:interact_with_smithing_table":1,"minecraft:mob_kills":38,"minecraft:interact_with_crafting_table":67,"minecraft:open_barrel":24,"minecraft:eat_cake_slice":3,"minecraft:leave_game":19,"minecraft:time_since_death":90264,"minecraft:climb_one_cm":5519,"minecraft:sprint_one_cm":1150763,"minecraft:walk_one_cm":1198104,"minecraft:drop":24,"minecraft:talked_to_villager":4,"minecraft:raid_win":1,"minecraft:play_time":439193,"minecraft:sneak_time":1252,"minecraft:deaths":6,"minecraft:walk_under_water_one_cm":27087,"minecraft:boat_one_cm":600847,"minecraft:jump":7189,"minecraft:interact_with_blast_furnace":10,"minecraft:walk_on_water_one_cm":37084,"minecraft:total_world_time":439193,"minecraft:interact_with_furnace":87,"minecraft:interact_with_loom":1,"minecraft:raid_trigger":1,"minecraft:interact_with_stonecutter":1,"minecraft:sleep_in_bed":31,"minecraft:time_since_rest":29431,"minecraft:damage_taken":5706,"minecraft:damage_dealt":7442,"minecraft:swim_one_cm":49506,"minecraft:fly_one_cm":1245005,"minecraft:open_chest":68,"minecraft:crouch_one_cm":1471,"minecraft:fall_one_cm":187338},"minecraft:used":{"minecraft:stone_sword":33,"minecraft:iron_shovel":510,"minecraft:stone_shovel":101,"minecraft:chest":3,"minecraft:stone":48,"minecraft:iron_sword":290,"minecraft:cooked_salmon":19,"minecraft:torch":3,"minecraft:dirt":263,"minecraft:lily_of_the_valley":3,"minecraft:carrot":18,"minecraft:spruce_boat":6,"minecraft:stone_brick_slab":11,"minecraft:wooden_axe":43,"minecraft:iron_axe":874,"minecraft:iron_helmet":1,"minecraft:stone_bricks":378,"minecraft:sweet_berries":50,"minecraft:goat_horn":4,"minecraft:furnace":2,"minecraft:cooked_cod":5,"minecraft:potato":29,"minecraft:water_bucket":4,"minecraft:diorite":19,"minecraft:stone_pickaxe":130,"minecraft:leather_boots":1,"minecraft:blue_bed":5,"minecraft:green_bed":4,"naturalist:duck_egg":2,"minecraft:crafting_table":6,"minecraft:mushroom_stew":1,"minecraft:spruce_log":146,"minecraft:sunflower":1,"minecraft:bread":63,"minecraft:iron_pickaxe":699,"biomesoplenty:toadstool":1,"minecraft:golden_leggings":1,"minecraft:stone_axe":117,"travelersbackpack:standard":21,"minecraft:cobblestone":65,"minecraft:wooden_sword":49,"minecraft:porkchop":3,"minecraft:bucket":4,"minecraft:birch_log":201,"minecraft:experience_bottle":2},"minecraft:killed":{"minecraft:spider":4,"minecraft:vindicator":4,"minecraft:skeleton":2,"minecraft:pig":2,"minecraft:ravager":2,"minecraft:creeper":1,"minecraft:sheep":4,"minecraft:pillager":8,"minecraft:zombie":6,"minecraft:cow":4},"minecraft:picked_up":{"minecraft:crafting_table":3,"minecraft:azure_bluet":6,"minecraft:flower_pot":2,"minecraft:brown_mushroom":3,"minecraft:potion":1,"gravestone:obituary":2,"minecraft:string":3,"minecraft:raw_copper":10,"minecraft:candle":6,"minecraft:spruce_planks":3,"minecraft:beef":8,"minecraft:white_tulip":3,"minecraft:rose_bush":18,"minecraft:poppy":1,"minecraft:sugar_cane":8,"minecraft:chest":1,"minecraft:birch_sapling":4,"minecraft:spruce_trapdoor":1,"minecraft:egg":2,"minecraft:stick":11,"minecraft:raw_iron":18,"minecraft:torch":3,"minecraft:green_bed":4,"minecraft:porkchop":4,"minecraft:diorite":19,"minecraft:redstone":14,"minecraft:dark_oak_planks":4,"biomesoplenty:icy_iris":1,"minecraft:arrow":4,"minecraft:rotten_flesh":4,"minecraft:hay_block":18,"minecraft:red_tulip":3,"minecraft:pink_tulip":1,"minecraft:glow_berries":4,"minecraft:mutton":6,"minecraft:white_wool":3,"minecraft:cobblestone":653,"minecraft:birch_log":310,"minecraft:feather":1,"minecraft:lilac":1,"minecraft:tripwire_hook":1,"minecraft:leather":3,"minecraft:red_mushroom":2,"minecraft:flint":4,"minecraft:oak_log":16,"minecraft:gunpowder":1,"minecraft:dirt":756,"minecraft:blue_bed":5,"minecraft:white_banner":2,"minecraft:bone":5,"minecraft:stone_bricks":11,"minecraft:apple":3,"minecraft:bow":2,"minecraft:wheat_seeds":19,"minecraft:raw_gold":1,"minecraft:rabbit_hide":1,"minecraft:iron_ingot":2,"minecraft:iron_sword":1,"minecraft:oak_planks":1,"biomesoplenty:toadstool":5,"minecraft:scaffolding":1,"minecraft:pumpkin":6,"minecraft:sweet_berries":39,"minecraft:stone_brick_slab":1,"minecraft:gravel":1,"minecraft:sand":15,"minecraft:spruce_sapling":8,"minecraft:spruce_log":186,"minecraft:lily_of_the_valley":7,"naturalist:duck_egg":6,"travelersbackpack:standard":4,"minecraft:dried_kelp_block":2,"minecraft:light_gray_candle":1,"minecraft:diamond":2,"minecraft:spruce_boat":5,"minecraft:stone_axe":1,"minecraft:honey_block":1,"minecraft:emerald":3,"minecraft:oak_sapling":10,"minecraft:light_gray_carpet":2,"minecraft:black_wool":1,"minecraft:dark_oak_fence":2,"minecraft:coal":93,"minecraft:sunflower":18},"minecraft:killed_by":{"minecraft:pillager":1,"minecraft:vindicator":3,"minecraft:skeleton":1},"minecraft:crafted":{"minecraft:wooden_sword":1,"minecraft:furnace":2,"minecraft:stone":478,"minecraft:glass":15,"minecraft:stone_brick_slab":24,"travelersbackpack:white_sleeping_bag":1,"minecraft:iron_axe":4,"minecraft:stone_pickaxe":1,"minecraft:chest":3,"minecraft:spruce_boat":1,"minecraft:stone_bricks":380,"minecraft:wheat":81,"minecraft:cooked_cod":5,"minecraft:crafting_table":3,"minecraft:spruce_planks":60,"travelersbackpack:backpack_tank":2,"travelersbackpack:standard":1,"minecraft:baked_potato":19,"minecraft:wooden_pickaxe":1,"minecraft:cooked_salmon":19,"minecraft:bread":30,"minecraft:stick":20,"minecraft:iron_ingot":18,"minecraft:iron_pickaxe":3,"minecraft:wooden_axe":1,"minecraft:stone_sword":1,"minecraft:iron_shovel":2},"minecraft:dropped":{"minecraft:iron_ingot":7,"minecraft:iron_sword":1,"minecraft:candle":3,"minecraft:brown_mushroom":1,"minecraft:porkchop":1,"minecraft:dark_oak_fence":2,"minecraft:mutton":1,"gravestone:obituary":2,"minecraft:sunflower":7,"minecraft:sweet_berries":2,"minecraft:rotten_flesh":2,"minecraft:light_gray_carpet":1,"minecraft:azure_bluet":1,"minecraft:flower_pot":2,"minecraft:spruce_trapdoor":1,"minecraft:wooden_pickaxe":1,"minecraft:bow":2,"minecraft:scaffolding":1,"minecraft:black_wool":1,"minecraft:egg":1}},"DataVersion":3465}