{"stats":{"minecraft:crafted":{"minecraft:wooden_sword":1,"minecraft:furnace":2,"minecraft:stone":478,"minecraft:glass":15,"minecraft:stone_brick_slab":24,"travelersbackpack:white_sleeping_bag":1,"minecraft:iron_axe":2,"minecraft:stone_pickaxe":1,"minecraft:chest":1,"minecraft:spruce_boat":1,"minecraft:stone_bricks":380,"minecraft:cooked_cod":5,"minecraft:crafting_table":2,"minecraft:spruce_planks":60,"travelersbackpack:backpack_tank":2,"minecraft:wooden_pickaxe":1,"minecraft:baked_potato":19,"travelersbackpack:standard":1,"minecraft:cooked_salmon":19,"minecraft:bread":3,"minecraft:stick":16,"minecraft:iron_ingot":18,"minecraft:iron_pickaxe":3,"minecraft:wooden_axe":1,"minecraft:iron_shovel":2},"minecraft:picked_up":{"minecraft:crafting_table":3,"minecraft:azure_bluet":6,"minecraft:flower_pot":2,"minecraft:brown_mushroom":1,"minecraft:potion":1,"gravestone:obituary":1,"minecraft:string":2,"minecraft:candle":6,"minecraft:spruce_planks":3,"minecraft:beef":8,"minecraft:white_tulip":3,"minecraft:rose_bush":18,"minecraft:poppy":1,"minecraft:sugar_cane":5,"minecraft:chest":1,"minecraft:spruce_trapdoor":1,"minecraft:egg":1,"minecraft:stick":9,"minecraft:raw_iron":18,"minecraft:green_bed":4,"minecraft:torch":3,"minecraft:porkchop":4,"minecraft:diorite":19,"minecraft:redstone":14,"minecraft:dark_oak_planks":2,"biomesoplenty:icy_iris":1,"minecraft:rotten_flesh":3,"minecraft:hay_block":9,"minecraft:red_tulip":3,"minecraft:pink_tulip":1,"minecraft:mutton":6,"minecraft:white_wool":3,"minecraft:cobblestone":595,"minecraft:birch_log":79,"minecraft:lilac":1,"minecraft:tripwire_hook":1,"minecraft:leather":3,"minecraft:red_mushroom":1,"minecraft:oak_log":16,"minecraft:blue_bed":5,"minecraft:dirt":694,"minecraft:bone":1,"minecraft:stone_bricks":11,"minecraft:apple":3,"minecraft:bow":2,"minecraft:wheat_seeds":18,"minecraft:raw_gold":1,"minecraft:rabbit_hide":1,"minecraft:iron_sword":1,"minecraft:oak_planks":1,"minecraft:scaffolding":1,"minecraft:pumpkin":6,"minecraft:sweet_berries":37,"minecraft:stone_brick_slab":1,"minecraft:sand":15,"minecraft:spruce_sapling":8,"minecraft:spruce_log":186,"minecraft:lily_of_the_valley":7,"naturalist:duck_egg":3,"travelersbackpack:standard":2,"minecraft:dried_kelp_block":2,"minecraft:diamond":2,"minecraft:spruce_boat":5,"minecraft:honey_block":1,"minecraft:emerald":1,"minecraft:dark_oak_fence":2,"minecraft:oak_sapling":10,"minecraft:light_gray_carpet":2,"minecraft:black_wool":1,"minecraft:coal":59,"minecraft:sunflower":12},"minecraft:broken":{"minecraft:iron_shovel":1,"minecraft:stone_pickaxe":1,"minecraft:iron_axe":2,"minecraft:leather_boots":1,"minecraft:iron_pickaxe":2,"minecraft:wooden_axe":1,"minecraft:stone_shovel":1},"minecraft:mined":{"minecraft:dark_oak_planks":3,"minecraft:deepslate_diamond_ore":2,"minecraft:candle":1,"gravestone:gravestone":3,"minecraft:dark_oak_fence":12,"minecraft:grass_block":655,"minecraft:spruce_leaves":52,"minecraft:large_fern":4,"minecraft:hay_block":9,"biomesoplenty:icy_iris":1,"minecraft:iron_ore":18,"minecraft:potted_red_mushroom":1,"minecraft:pumpkin":6,"minecraft:azure_bluet":5,"minecraft:dirt_path":4,"minecraft:stone":604,"minecraft:cake":1,"minecraft:green_bed":4,"minecraft:deepslate_redstone_ore":3,"minecraft:scaffolding":1,"minecraft:potted_brown_mushroom":1,"minecraft:lily_of_the_valley":5,"minecraft:stone_brick_slab":1,"travelersbackpack:standard":2,"minecraft:crafting_table":3,"minecraft:torch":2,"minecraft:poppy":4,"minecraft:chest":1,"minecraft:rose_bush":5,"minecraft:cobblestone":6,"biomesoplenty:sprout":66,"minecraft:sugar_cane":2,"minecraft:diorite":23,"minecraft:blue_bed":6,"minecraft:wall_torch":1,"minecraft:birch_log":79,"minecraft:sweet_berry_bush":15,"minecraft:ice":1,"minecraft:lilac":3,"minecraft:spruce_log":194,"minecraft:birch_leaves":12,"minecraft:grass":81,"minecraft:oak_log":16,"minecraft:coal_ore":61,"minecraft:sunflower":14,"minecraft:sand":15,"minecraft:dirt":38,"minecraft:stone_bricks":12,"minecraft:gold_ore":1,"minecraft:oak_leaves":60,"minecraft:fern":1},"minecraft:killed_by":{"minecraft:pillager":1,"minecraft:vindicator":2},"minecraft:dropped":{"minecraft:iron_ingot":7,"minecraft:iron_sword":1,"minecraft:candle":3,"minecraft:porkchop":1,"minecraft:dark_oak_fence":2,"minecraft:mutton":1,"gravestone:obituary":2,"minecraft:sunflower":7,"minecraft:light_gray_carpet":1,"minecraft:spruce_trapdoor":1,"minecraft:wooden_pickaxe":1,"minecraft:bow":2,"minecraft:scaffolding":1,"minecraft:black_wool":1},"minecraft:killed":{"minecraft:vindicator":4,"minecraft:spider":2,"minecraft:skeleton":1,"minecraft:pig":2,"minecraft:sheep":4,"minecraft:pillager":2,"minecraft:zombie":3,"minecraft:cow":4},"minecraft:used":{"minecraft:iron_shovel":472,"minecraft:stone_shovel":101,"minecraft:chest":1,"minecraft:stone":48,"minecraft:iron_sword":102,"minecraft:cooked_salmon":10,"minecraft:torch":3,"minecraft:dirt":221,"minecraft:lily_of_the_valley":3,"minecraft:carrot":15,"minecraft:spruce_boat":6,"minecraft:stone_brick_slab":11,"minecraft:wooden_axe":43,"minecraft:iron_axe":505,"minecraft:iron_helmet":1,"minecraft:stone_bricks":378,"minecraft:sweet_berries":47,"minecraft:goat_horn":4,"minecraft:furnace":2,"minecraft:cooked_cod":5,"minecraft:potato":29,"minecraft:water_bucket":1,"minecraft:diorite":19,"minecraft:stone_pickaxe":130,"minecraft:leather_boots":1,"minecraft:blue_bed":5,"minecraft:green_bed":4,"naturalist:duck_egg":2,"minecraft:crafting_table":5,"minecraft:mushroom_stew":1,"minecraft:spruce_log":146,"minecraft:sunflower":1,"minecraft:bread":36,"minecraft:iron_pickaxe":604,"minecraft:golden_leggings":1,"minecraft:wooden_sword":49,"travelersbackpack:standard":10,"minecraft:cobblestone":65,"minecraft:porkchop":3,"minecraft:bucket":1,"minecraft:experience_bottle":1},"minecraft:custom":{"minecraft:interact_with_smithing_table":1,"minecraft:mob_kills":22,"minecraft:interact_with_crafting_table":58,"minecraft:open_barrel":20,"minecraft:eat_cake_slice":2,"minecraft:leave_game":14,"minecraft:time_since_death":210934,"minecraft:climb_one_cm":4609,"minecraft:sprint_one_cm":679621,"minecraft:walk_one_cm":838520,"minecraft:drop":18,"minecraft:talked_to_villager":1,"minecraft:play_time":335852,"minecraft:deaths":4,"minecraft:sneak_time":966,"minecraft:walk_under_water_one_cm":20795,"minecraft:boat_one_cm":600847,"minecraft:jump":4814,"minecraft:interact_with_blast_furnace":10,"minecraft:walk_on_water_one_cm":27962,"minecraft:total_world_time":335852,"minecraft:interact_with_furnace":85,"minecraft:interact_with_loom":1,"minecraft:sleep_in_bed":24,"minecraft:time_since_rest":18130,"minecraft:damage_taken":3974,"minecraft:damage_dealt":3362,"minecraft:swim_one_cm":27250,"minecraft:fly_one_cm":780920,"minecraft:open_chest":46,"minecraft:crouch_one_cm":811,"minecraft:fall_one_cm":131656}},"DataVersion":3465}