{"stats":{"minecraft:picked_up":{"minecraft:stick":1,"minecraft:coal":1,"minecraft:dirt":10},"minecraft:mined":{"minecraft:spruce_leaves":2},"minecraft:custom":{"minecraft:jump":297,"minecraft:time_since_rest":0,"minecraft:damage_taken":375,"minecraft:leave_game":10,"minecraft:time_since_death":14967,"minecraft:crouch_one_cm":70,"minecraft:play_time":22425,"minecraft:sprint_one_cm":64715,"minecraft:walk_one_cm":41947,"minecraft:walk_on_water_one_cm":2838,"minecraft:deaths":1,"minecraft:sleep_in_bed":2,"minecraft:sneak_time":59,"minecraft:total_world_time":22425,"minecraft:walk_under_water_one_cm":53,"minecraft:talked_to_villager":1,"minecraft:fall_one_cm":11175,"minecraft:fly_one_cm":34742}},"DataVersion":3465}