{"stats":{"minecraft:picked_up":{"minecraft:stick":1,"minecraft:pumpkin":5,"minecraft:sweet_berries":35,"minecraft:spruce_log":14,"minecraft:blue_bed":1,"minecraft:sugar_cane":5,"naturalist:duck_egg":2,"minecraft:coal":1,"minecraft:dirt":23,"minecraft:egg":1},"minecraft:mined":{"minecraft:large_fern":1,"minecraft:grass_block":1,"minecraft:dirt_path":4,"minecraft:dirt":8,"minecraft:sweet_berry_bush":14,"minecraft:spruce_log":14,"minecraft:spruce_leaves":8,"minecraft:sugar_cane":2,"minecraft:pumpkin":5,"minecraft:blue_bed":1,"minecraft:fern":1},"minecraft:dropped":{"gravestone:obituary":1},"minecraft:used":{"naturalist:duck_egg":1,"minecraft:dirt":4,"minecraft:sweet_berries":32},"minecraft:custom":{"minecraft:open_chest":1,"minecraft:time_since_rest":11250,"minecraft:crouch_one_cm":154,"minecraft:sprint_one_cm":88064,"minecraft:play_time":34425,"minecraft:interact_with_loom":1,"minecraft:deaths":1,"minecraft:damage_taken":415,"minecraft:walk_one_cm":85054,"minecraft:sneak_time":91,"minecraft:walk_under_water_one_cm":3593,"minecraft:drop":1,"minecraft:jump":474,"minecraft:damage_dealt":10,"minecraft:leave_game":10,"minecraft:walk_on_water_one_cm":10064,"minecraft:time_since_death":26967,"minecraft:sleep_in_bed":2,"minecraft:total_world_time":34425,"minecraft:talked_to_villager":1,"minecraft:fall_one_cm":12429,"minecraft:fly_one_cm":48889}},"DataVersion":3465}