{"stats":{"minecraft:crafted":{"minecraft:smooth_stone":14,"minecraft:oak_planks":24,"naturalist:cooked_venison":2,"minecraft:stone":89,"minecraft:glass":28,"minecraft:stone_brick_slab":66,"minecraft:iron_boots":1,"minecraft:chest":3,"minecraft:stone_bricks":96,"minecraft:golden_axe":1,"minecraft:deepslate":14,"minecraft:crafting_table":3,"minecraft:spruce_planks":516,"minecraft:spruce_door":3,"biomesoplenty:fir_planks":16,"minecraft:stone_brick_stairs":50,"minecraft:spruce_trapdoor":48,"minecraft:dark_oak_slab":24,"minecraft:shield":2,"minecraft:stick":16,"minecraft:iron_ingot":5,"minecraft:iron_pickaxe":5,"minecraft:stone_sword":1,"minecraft:tripwire_hook":2,"minecraft:furnace":3,"minecraft:bone_meal":63,"minecraft:glass_pane":64,"minecraft:spruce_stairs":84,"minecraft:iron_axe":4,"minecraft:spruce_slab":60,"minecraft:stone_pickaxe":1,"minecraft:dark_oak_planks":124,"minecraft:wheat":830,"minecraft:cooked_cod":3,"minecraft:diorite_wall":49,"minecraft:stone_axe":1,"minecraft:bread":279,"minecraft:air":0,"minecraft:iron_shovel":2,"minecraft:torch":28},"minecraft:picked_up":{"minecraft:iron_chestplate":1,"minecraft:wheat":7,"minecraft:creeper_head":1,"minecraft:potion":1,"minecraft:stone_brick_stairs":27,"minecraft:brewing_stand":1,"minecraft:string":4,"minecraft:smooth_stone_slab":2,"minecraft:armor_stand":2,"minecraft:oak_sign":1,"minecraft:cobbled_deepslate":22,"minecraft:smooth_stone":9,"biomesoplenty:fir_planks":2,"minecraft:spruce_planks":22,"minecraft:white_tulip":4,"minecraft:rose_bush":12,"minecraft:furnace":3,"minecraft:stick":23,"minecraft:torch":11,"minecraft:green_bed":6,"minecraft:spruce_stairs":13,"minecraft:pointed_dripstone":12,"minecraft:diorite":77,"minecraft:rotten_flesh":28,"minecraft:red_tulip":4,"minecraft:cobblestone":357,"minecraft:feather":2,"minecraft:lilac":9,"biomesoplenty:fir_log":4,"minecraft:lantern":20,"minecraft:dirt":304,"minecraft:name_tag":1,"minecraft:glass":52,"minecraft:bone":2,"minecraft:bow":1,"minecraft:wheat_seeds":6,"minecraft:grindstone":1,"minecraft:mossy_stone_bricks":19,"minecraft:oak_planks":1,"biomesoplenty:toadstool":1,"minecraft:diorite_wall":5,"minecraft:music_disc_13":1,"minecraft:sand":79,"minecraft:stripped_spruce_log":35,"minecraft:lily_of_the_valley":2,"naturalist:duck_egg":1,"naturalist:antler":1,"minecraft:spruce_boat":1,"minecraft:crossbow":3,"minecraft:granite":2,"minecraft:golden_apple":1,"minecraft:emerald":15,"minecraft:oak_sapling":7,"minecraft:light_gray_carpet":1,"minecraft:crafting_table":3,"minecraft:charcoal":8,"minecraft:coarse_dirt":2,"minecraft:azure_bluet":1,"naturalist:venison":2,"minecraft:wooden_pickaxe":1,"gravestone:obituary":1,"minecraft:chain":4,"minecraft:shield":1,"minecraft:iron_axe":1,"minecraft:cracked_stone_bricks":5,"minecraft:poppy":5,"minecraft:spruce_slab":17,"minecraft:spruce_trapdoor":14,"minecraft:egg":2,"minecraft:raw_iron":5,"naturalist:duck":1,"minecraft:redstone":3,"minecraft:dark_oak_planks":6,"minecraft:tnt":8,"minecraft:arrow":32,"minecraft:hay_block":164,"minecraft:pink_tulip":3,"minecraft:stripped_dark_oak_wood":31,"minecraft:white_wool":2,"minecraft:mutton":4,"minecraft:skeleton_skull":2,"minecraft:bone_block":6,"minecraft:tripwire_hook":2,"minecraft:salmon":1,"minecraft:oak_log":9,"minecraft:gunpowder":6,"minecraft:cobblestone_stairs":8,"minecraft:deepslate_tile_slab":1,"minecraft:blue_bed":4,"minecraft:white_banner":3,"naturalist:bass":2,"minecraft:apple":1,"minecraft:stone_bricks":675,"minecraft:stone_pickaxe":1,"minecraft:iron_ingot":41,"minecraft:book":3,"minecraft:dark_oak_slab":1,"minecraft:sweet_berries":73,"minecraft:stone_brick_slab":6,"minecraft:dripstone_block":12,"minecraft:spruce_sapling":59,"minecraft:spruce_log":532,"minecraft:spruce_door":1,"minecraft:spider_eye":1,"minecraft:pumpkin_seeds":4,"minecraft:purple_bed":1,"minecraft:iron_helmet":1,"minecraft:coal":58,"minecraft:sunflower":1},"minecraft:broken":{"minecraft:iron_shovel":1,"minecraft:stone_pickaxe":1,"minecraft:golden_axe":1,"minecraft:iron_axe":5,"minecraft:iron_pickaxe":4},"minecraft:mined":{"minecraft:dark_oak_planks":7,"minecraft:spruce_planks":26,"minecraft:cobblestone_stairs":8,"minecraft:brewing_stand":1,"minecraft:spruce_trapdoor":6,"minecraft:granite":2,"minecraft:grass_block":95,"minecraft:smooth_stone":9,"minecraft:iron_ore":3,"minecraft:fire":1,"biomesoplenty:violet":1,"minecraft:stripped_dark_oak_wood":31,"minecraft:azure_bluet":1,"minecraft:pointed_dripstone":5,"minecraft:red_tulip":2,"minecraft:dirt_path":40,"biomesoplenty:webbing":8,"minecraft:pink_tulip":3,"minecraft:spruce_slab":13,"minecraft:green_bed":5,"biomesoplenty:hanging_cobweb_strand":1,"minecraft:torch":9,"minecraft:white_stained_glass_pane":1,"minecraft:cobblestone":47,"minecraft:grindstone":1,"minecraft:oak_planks":2,"minecraft:wall_torch":4,"minecraft:skeleton_skull":1,"minecraft:seagrass":2,"minecraft:chain":4,"minecraft:dark_oak_slab":1,"minecraft:lilac":4,"minecraft:tnt":14,"biomesoplenty:fir_log":4,"minecraft:stone_brick_stairs":27,"minecraft:smooth_stone_slab":2,"minecraft:grass":56,"minecraft:oak_log":9,"minecraft:diorite_wall":5,"minecraft:sand":79,"minecraft:dirt":55,"minecraft:tripwire_hook":2,"minecraft:oak_leaves":120,"minecraft:deepslate":2,"minecraft:red_carpet":1,"gravestone:gravestone":5,"minecraft:spruce_leaves":32,"minecraft:large_fern":1,"minecraft:hay_block":106,"minecraft:spruce_sapling":4,"biomesoplenty:toadstool":1,"minecraft:andesite":1,"minecraft:stripped_spruce_log":36,"minecraft:bookshelf":1,"biomesoplenty:rainbow_birch_leaves":2,"minecraft:deepslate_iron_ore":2,"minecraft:lantern":17,"minecraft:stone":311,"minecraft:white_tulip":2,"minecraft:bone_block":6,"minecraft:podzol":106,"minecraft:light_gray_carpet":2,"minecraft:lily_of_the_valley":1,"minecraft:stone_brick_slab":6,"minecraft:spruce_door":1,"minecraft:crafting_table":3,"minecraft:honey_block":1,"biomesoplenty:fir_planks":2,"minecraft:rose_bush":13,"minecraft:campfire":4,"minecraft:tall_grass":1,"biomesoplenty:sprout":47,"minecraft:lapis_ore":1,"minecraft:diorite":77,"minecraft:blue_bed":4,"minecraft:spruce_stairs":13,"minecraft:purple_bed":1,"minecraft:coarse_dirt":2,"minecraft:sweet_berry_bush":31,"minecraft:creeper_head":1,"minecraft:ice":1,"minecraft:spruce_log":530,"minecraft:birch_leaves":3,"minecraft:coal_ore":33,"minecraft:sunflower":2,"minecraft:gravel":1,"minecraft:dripstone_block":1,"biomesoplenty:stringy_cobweb":2,"minecraft:cracked_stone_bricks":10,"minecraft:stone_bricks":691,"minecraft:mossy_stone_bricks":19,"minecraft:fern":2},"minecraft:killed_by":{"minecraft:pillager":1,"minecraft:player":1,"minecraft:iron_golem":1,"naturalist:coral_snake":1},"minecraft:dropped":{"minecraft:crossbow":1,"minecraft:lantern":3,"minecraft:cracked_stone_bricks":4,"minecraft:emerald":20,"minecraft:dirt":24,"gravestone:obituary":1,"minecraft:white_wool":1,"minecraft:pointed_dripstone":12,"minecraft:rotten_flesh":16,"minecraft:oak_planks":1,"minecraft:azure_bluet":1,"minecraft:poppy":3,"minecraft:gunpowder":4,"minecraft:skeleton_skull":2,"minecraft:spruce_slab":1,"minecraft:bread":40,"minecraft:wheat_seeds":5,"minecraft:lilac":2,"minecraft:dripstone_block":8,"minecraft:feather":2,"minecraft:cobblestone":12,"minecraft:spruce_door":1,"minecraft:string":4,"minecraft:tripwire_hook":1,"minecraft:redstone":3,"minecraft:pink_tulip":1,"minecraft:kelp":1,"minecraft:coarse_dirt":2,"minecraft:pumpkin_seeds":4,"minecraft:shield":1,"minecraft:spruce_planks":1,"minecraft:spruce_trapdoor":11,"minecraft:mossy_stone_bricks":2,"minecraft:oak_sapling":2,"minecraft:spider_eye":1,"minecraft:stone_pickaxe":1,"minecraft:red_tulip":4},"minecraft:killed":{"minecraft:spider":1,"minecraft:skeleton":8,"minecraft:skeleton_horse":1,"minecraft:zombie_villager":1,"naturalist:firefly":1,"minecraft:salmon":1,"minecraft:iron_golem":3,"minecraft:creeper":4,"minecraft:sheep":2,"minecraft:pillager":21,"minecraft:zombie":19,"minecraft:vindicator":3,"naturalist:duck":1,"naturalist:coral_snake":1,"naturalist:deer":1,"naturalist:bass":2,"naturalist:bear":2,"minecraft:polar_bear":1},"minecraft:custom":{"minecraft:interact_with_crafting_table":70,"minecraft:open_barrel":14,"minecraft:leave_game":11,"minecraft:time_since_death":251256,"minecraft:sprint_one_cm":1668398,"minecraft:damage_blocked_by_shield":698,"minecraft:drop":70,"minecraft:talked_to_villager":1,"minecraft:play_time":618495,"minecraft:deaths":5,"minecraft:jump":16355,"minecraft:interact_with_brewingstand":6,"minecraft:walk_on_water_one_cm":32266,"minecraft:interact_with_furnace":92,"minecraft:sleep_in_bed":42,"minecraft:damage_dealt":17150,"minecraft:player_kills":11,"minecraft:crouch_one_cm":54609,"minecraft:interact_with_smoker":2,"minecraft:horse_one_cm":130571,"minecraft:mob_kills":73,"minecraft:climb_one_cm":19825,"minecraft:walk_one_cm":1098266,"minecraft:sneak_time":20083,"minecraft:walk_under_water_one_cm":18297,"minecraft:boat_one_cm":181958,"minecraft:interact_with_lectern":1,"minecraft:interact_with_blast_furnace":6,"minecraft:total_world_time":618495,"minecraft:raid_trigger":1,"minecraft:interact_with_stonecutter":11,"minecraft:time_since_rest":5662,"minecraft:damage_taken":7240,"minecraft:swim_one_cm":90690,"minecraft:fly_one_cm":3513717,"minecraft:open_chest":238,"minecraft:fall_one_cm":473590},"minecraft:used":{"minecraft:iron_shovel":351,"minecraft:spruce_slab":60,"minecraft:chest":3,"minecraft:shield":20,"minecraft:iron_sword":195,"minecraft:iron_chestplate":2,"naturalist:cooked_venison":2,"minecraft:mutton":4,"minecraft:stripped_spruce_log":86,"minecraft:spruce_boat":1,"minecraft:lantern":11,"minecraft:iron_helmet":2,"minecraft:dark_oak_slab":10,"minecraft:diorite_wall":63,"minecraft:stone_brick_stairs":98,"minecraft:stone_bricks":522,"naturalist:duck":1,"minecraft:hay_block":10,"minecraft:sweet_berries":93,"minecraft:furnace":6,"minecraft:cooked_cod":3,"minecraft:egg":1,"minecraft:deepslate_brick_wall":6,"minecraft:mossy_stone_bricks":7,"minecraft:spruce_door":3,"minecraft:stone_pickaxe":131,"minecraft:oak_planks":8,"minecraft:wooden_pickaxe":30,"biomesoplenty:fir_planks":10,"minecraft:blue_bed":3,"naturalist:duck_egg":1,"minecraft:white_wool":1,"minecraft:golden_apple":1,"minecraft:crossbow":60,"minecraft:dark_oak_log":3,"minecraft:bread":157,"minecraft:grindstone":1,"minecraft:bone_meal":13,"minecraft:stone_sword":16,"minecraft:dried_kelp":2,"minecraft:spruce_planks":185,"minecraft:torch":27,"minecraft:dirt":359,"minecraft:spruce_stairs":74,"minecraft:dark_oak_planks":5,"minecraft:stone_brick_slab":31,"minecraft:iron_axe":996,"minecraft:tripwire_hook":2,"minecraft:goat_horn":11,"minecraft:golden_axe":30,"naturalist:bass":2,"minecraft:water_bucket":9,"minecraft:pink_tulip":1,"minecraft:cobblestone_stairs":10,"minecraft:green_bed":5,"minecraft:salmon":1,"minecraft:tnt":8,"minecraft:crafting_table":5,"minecraft:spruce_log":287,"minecraft:apple":12,"minecraft:iron_pickaxe":1152,"minecraft:spruce_trapdoor":49,"minecraft:spruce_sapling":22,"biomesoplenty:toadstool":1,"minecraft:stone_axe":105,"minecraft:cobblestone":178,"minecraft:purple_bed":1,"minecraft:bucket":8,"minecraft:glass_pane":18,"minecraft:smooth_stone":18}},"DataVersion":3465}