{"stats":{"minecraft:crafted":{"minecraft:furnace":1,"minecraft:iron_axe":1,"minecraft:chest":1,"minecraft:wheat":207,"minecraft:crafting_table":1,"minecraft:spruce_planks":20,"minecraft:stone_axe":1,"minecraft:bread":69,"minecraft:air":0,"biomesoplenty:fir_planks":16,"minecraft:shield":1,"minecraft:stick":16,"minecraft:iron_ingot":2,"minecraft:iron_pickaxe":1,"minecraft:stone_sword":1,"minecraft:torch":20},"minecraft:picked_up":{"minecraft:iron_chestplate":1,"minecraft:charcoal":6,"minecraft:crafting_table":2,"minecraft:coarse_dirt":2,"minecraft:creeper_head":1,"minecraft:potion":1,"gravestone:obituary":1,"minecraft:brewing_stand":1,"minecraft:string":2,"minecraft:smooth_stone_slab":2,"minecraft:armor_stand":2,"minecraft:oak_sign":1,"biomesoplenty:fir_planks":2,"minecraft:spruce_planks":4,"minecraft:rose_bush":2,"minecraft:poppy":2,"minecraft:egg":1,"minecraft:stick":7,"minecraft:raw_iron":2,"naturalist:duck":1,"minecraft:torch":2,"minecraft:green_bed":3,"minecraft:redstone":3,"minecraft:dark_oak_planks":2,"minecraft:tnt":8,"minecraft:rotten_flesh":10,"minecraft:arrow":16,"minecraft:hay_block":33,"minecraft:mutton":4,"minecraft:cobblestone":26,"minecraft:skeleton_skull":2,"minecraft:white_wool":2,"minecraft:feather":2,"minecraft:salmon":1,"biomesoplenty:fir_log":4,"minecraft:oak_log":4,"minecraft:gunpowder":4,"minecraft:blue_bed":4,"minecraft:dirt":16,"minecraft:white_banner":3,"minecraft:name_tag":1,"naturalist:bass":2,"minecraft:stone_bricks":2,"minecraft:apple":1,"minecraft:wheat_seeds":2,"minecraft:iron_ingot":4,"minecraft:mossy_stone_bricks":8,"minecraft:book":3,"minecraft:music_disc_13":1,"minecraft:sweet_berries":33,"minecraft:spruce_sapling":6,"minecraft:spruce_log":34,"minecraft:lily_of_the_valley":1,"naturalist:duck_egg":1,"minecraft:pumpkin_seeds":4,"minecraft:spruce_boat":1,"minecraft:iron_helmet":1,"minecraft:crossbow":2,"minecraft:golden_apple":1,"minecraft:emerald":11,"minecraft:oak_sapling":4,"minecraft:light_gray_carpet":1,"minecraft:sunflower":1},"minecraft:mined":{"minecraft:dark_oak_planks":3,"minecraft:spruce_planks":6,"minecraft:brewing_stand":1,"gravestone:gravestone":2,"minecraft:grass_block":4,"minecraft:spruce_leaves":10,"minecraft:large_fern":1,"minecraft:hay_block":35,"minecraft:spruce_sapling":1,"biomesoplenty:violet":1,"minecraft:bookshelf":1,"biomesoplenty:rainbow_birch_leaves":2,"minecraft:deepslate_iron_ore":2,"minecraft:dirt_path":1,"minecraft:stone":25,"minecraft:green_bed":3,"minecraft:light_gray_carpet":2,"minecraft:crafting_table":2,"minecraft:torch":3,"minecraft:honey_block":1,"biomesoplenty:fir_planks":2,"minecraft:white_stained_glass_pane":1,"minecraft:rose_bush":2,"minecraft:campfire":3,"minecraft:tall_grass":1,"minecraft:cobblestone":2,"biomesoplenty:sprout":5,"minecraft:oak_planks":1,"minecraft:blue_bed":4,"minecraft:wall_torch":1,"minecraft:skeleton_skull":1,"minecraft:seagrass":1,"minecraft:coarse_dirt":2,"minecraft:creeper_head":1,"minecraft:sweet_berry_bush":13,"minecraft:ice":1,"minecraft:spruce_log":34,"minecraft:tnt":14,"biomesoplenty:fir_log":4,"minecraft:smooth_stone_slab":2,"minecraft:grass":12,"minecraft:oak_log":4,"minecraft:dirt":10,"minecraft:cracked_stone_bricks":2,"minecraft:tripwire_hook":1,"minecraft:stone_bricks":12,"minecraft:mossy_stone_bricks":8,"minecraft:oak_leaves":112},"minecraft:killed_by":{"minecraft:pillager":1,"minecraft:iron_golem":1,"naturalist:coral_snake":1},"minecraft:dropped":{"minecraft:wheat_seeds":2,"minecraft:crossbow":1,"minecraft:feather":2,"gravestone:obituary":1,"minecraft:string":2,"minecraft:white_wool":1,"minecraft:redstone":3,"minecraft:kelp":1,"minecraft:coarse_dirt":2,"minecraft:rotten_flesh":6,"minecraft:pumpkin_seeds":4,"minecraft:poppy":2,"minecraft:gunpowder":4,"minecraft:skeleton_skull":2,"minecraft:spruce_planks":1,"minecraft:mossy_stone_bricks":2},"minecraft:killed":{"minecraft:vindicator":2,"naturalist:duck":1,"naturalist:bass":2,"naturalist:bear":1,"naturalist:firefly":1,"minecraft:salmon":1,"minecraft:iron_golem":1,"minecraft:polar_bear":1,"minecraft:sheep":2,"minecraft:pillager":10,"minecraft:zombie":2},"minecraft:custom":{"minecraft:mob_kills":24,"minecraft:interact_with_crafting_table":12,"minecraft:open_barrel":14,"minecraft:leave_game":4,"minecraft:time_since_death":61249,"minecraft:climb_one_cm":7917,"minecraft:sprint_one_cm":356509,"minecraft:walk_one_cm":184092,"minecraft:damage_blocked_by_shield":305,"minecraft:drop":18,"minecraft:talked_to_villager":1,"minecraft:play_time":118536,"minecraft:deaths":3,"minecraft:sneak_time":2098,"minecraft:walk_under_water_one_cm":17864,"minecraft:boat_one_cm":181958,"minecraft:jump":3123,"minecraft:interact_with_brewingstand":5,"minecraft:interact_with_blast_furnace":5,"minecraft:walk_on_water_one_cm":26963,"minecraft:total_world_time":118536,"minecraft:interact_with_furnace":14,"minecraft:sleep_in_bed":9,"minecraft:time_since_rest":485,"minecraft:damage_taken":1484,"minecraft:damage_dealt":4652,"minecraft:swim_one_cm":83624,"minecraft:fly_one_cm":653495,"minecraft:open_chest":47,"minecraft:crouch_one_cm":4567,"minecraft:interact_with_smoker":2,"minecraft:fall_one_cm":90378},"minecraft:used":{"minecraft:stone_sword":16,"minecraft:dried_kelp":2,"minecraft:chest":1,"minecraft:spruce_planks":3,"minecraft:shield":11,"minecraft:iron_sword":7,"minecraft:iron_chestplate":1,"minecraft:torch":10,"minecraft:dirt":16,"minecraft:mutton":4,"minecraft:spruce_boat":1,"minecraft:dark_oak_planks":1,"minecraft:iron_axe":10,"minecraft:iron_helmet":1,"naturalist:duck":1,"minecraft:hay_block":10,"minecraft:sweet_berries":43,"minecraft:goat_horn":11,"minecraft:furnace":1,"naturalist:bass":2,"minecraft:mossy_stone_bricks":2,"biomesoplenty:fir_planks":10,"minecraft:blue_bed":3,"minecraft:green_bed":3,"naturalist:duck_egg":1,"minecraft:white_wool":1,"minecraft:salmon":1,"minecraft:golden_apple":1,"minecraft:crafting_table":2,"minecraft:crossbow":4,"minecraft:spruce_log":4,"minecraft:apple":11,"minecraft:dark_oak_log":3,"minecraft:iron_pickaxe":55,"minecraft:bread":11,"minecraft:spruce_sapling":5,"minecraft:stone_axe":105}},"DataVersion":3465}