{"stats":{"minecraft:crafted":{"minecraft:spruce_planks":8,"minecraft:furnace":1,"minecraft:stone_axe":1,"biomesoplenty:fir_planks":16,"minecraft:shield":1,"minecraft:stick":16,"minecraft:iron_pickaxe":1,"minecraft:stone_sword":1},"minecraft:picked_up":{"minecraft:crafting_table":2,"minecraft:charcoal":6,"minecraft:coarse_dirt":2,"minecraft:iron_chestplate":1,"minecraft:feather":2,"minecraft:salmon":1,"biomesoplenty:fir_log":4,"minecraft:blue_bed":4,"minecraft:dirt":16,"naturalist:bass":2,"minecraft:armor_stand":2,"minecraft:wheat_seeds":1,"minecraft:iron_ingot":4,"minecraft:poppy":2,"minecraft:egg":1,"minecraft:book":3,"minecraft:stick":1,"naturalist:duck":1,"minecraft:sweet_berries":33,"minecraft:torch":2,"minecraft:spruce_log":8,"naturalist:duck_egg":1,"minecraft:spruce_boat":1,"minecraft:iron_helmet":1,"minecraft:crossbow":1,"minecraft:oak_sapling":1,"minecraft:mutton":4,"minecraft:white_wool":2,"minecraft:cobblestone":25},"minecraft:mined":{"minecraft:crafting_table":2,"minecraft:torch":3,"gravestone:gravestone":1,"minecraft:grass_block":4,"minecraft:campfire":3,"minecraft:spruce_leaves":9,"minecraft:blue_bed":4,"minecraft:large_fern":1,"minecraft:seagrass":1,"minecraft:coarse_dirt":2,"minecraft:sweet_berry_bush":13,"minecraft:ice":1,"minecraft:spruce_log":8,"biomesoplenty:violet":1,"biomesoplenty:fir_log":4,"minecraft:grass":3,"minecraft:bookshelf":1,"biomesoplenty:rainbow_birch_leaves":2,"minecraft:dirt_path":1,"minecraft:dirt":10,"minecraft:stone":25,"minecraft:oak_leaves":1},"minecraft:killed_by":{"minecraft:iron_golem":1,"naturalist:coral_snake":1},"minecraft:dropped":{"minecraft:crossbow":1},"minecraft:killed":{"minecraft:salmon":1,"minecraft:iron_golem":1,"naturalist:duck":1,"minecraft:polar_bear":1,"minecraft:sheep":2,"minecraft:zombie":1,"naturalist:bass":2},"minecraft:custom":{"minecraft:mob_kills":9,"minecraft:interact_with_crafting_table":8,"minecraft:leave_game":2,"minecraft:time_since_death":30070,"minecraft:sleep_in_bed":4,"minecraft:climb_one_cm":2072,"minecraft:time_since_rest":4646,"minecraft:sprint_one_cm":160301,"minecraft:damage_taken":652,"minecraft:walk_one_cm":79371,"minecraft:drop":1,"minecraft:damage_dealt":1657,"minecraft:swim_one_cm":66421,"minecraft:fly_one_cm":291160,"minecraft:open_chest":5,"minecraft:crouch_one_cm":2186,"minecraft:play_time":52331,"minecraft:deaths":2,"minecraft:sneak_time":1456,"minecraft:walk_under_water_one_cm":13768,"minecraft:boat_one_cm":160839,"minecraft:jump":1558,"minecraft:walk_on_water_one_cm":18623,"minecraft:total_world_time":52331,"minecraft:fall_one_cm":42326},"minecraft:used":{"naturalist:bass":2,"minecraft:blue_bed":2,"naturalist:duck_egg":1,"minecraft:iron_chestplate":1,"minecraft:salmon":1,"minecraft:white_wool":1,"minecraft:dirt":16,"minecraft:mutton":4,"minecraft:crafting_table":1,"minecraft:crossbow":2,"minecraft:spruce_boat":1,"minecraft:bread":1,"minecraft:iron_pickaxe":25,"minecraft:iron_helmet":1,"minecraft:stone_axe":7,"naturalist:duck":1,"minecraft:sweet_berries":29}},"DataVersion":3465}