{"stats":{"minecraft:crafted":{"minecraft:oak_planks":24,"minecraft:smooth_stone":14,"naturalist:cooked_venison":2,"minecraft:furnace":3,"minecraft:stone":89,"minecraft:bone_meal":63,"minecraft:spruce_stairs":24,"minecraft:iron_axe":3,"minecraft:spruce_slab":6,"minecraft:stone_pickaxe":1,"minecraft:chest":3,"minecraft:stone_bricks":72,"minecraft:wheat":207,"minecraft:golden_axe":1,"minecraft:cooked_cod":3,"minecraft:crafting_table":1,"minecraft:spruce_planks":156,"minecraft:diorite_wall":25,"minecraft:stone_axe":1,"minecraft:bread":69,"minecraft:air":0,"biomesoplenty:fir_planks":16,"minecraft:stone_brick_stairs":24,"minecraft:spruce_trapdoor":12,"minecraft:shield":1,"minecraft:stick":16,"minecraft:iron_ingot":5,"minecraft:iron_pickaxe":3,"minecraft:stone_sword":1,"minecraft:iron_shovel":1,"minecraft:torch":28},"minecraft:picked_up":{"minecraft:crafting_table":3,"minecraft:charcoal":6,"minecraft:iron_chestplate":1,"minecraft:coarse_dirt":2,"minecraft:creeper_head":1,"naturalist:venison":2,"minecraft:wooden_pickaxe":1,"minecraft:potion":1,"minecraft:stone_brick_stairs":12,"gravestone:obituary":1,"minecraft:brewing_stand":1,"minecraft:string":4,"minecraft:smooth_stone_slab":2,"minecraft:armor_stand":2,"minecraft:oak_sign":1,"minecraft:cracked_stone_bricks":4,"minecraft:smooth_stone":9,"biomesoplenty:fir_planks":2,"minecraft:spruce_planks":4,"minecraft:white_tulip":4,"minecraft:rose_bush":12,"minecraft:poppy":4,"minecraft:spruce_slab":1,"minecraft:egg":2,"minecraft:stick":23,"minecraft:raw_iron":5,"naturalist:duck":1,"minecraft:torch":5,"minecraft:green_bed":4,"minecraft:spruce_stairs":6,"minecraft:diorite":41,"minecraft:redstone":3,"minecraft:dark_oak_planks":2,"minecraft:tnt":8,"minecraft:arrow":18,"minecraft:rotten_flesh":11,"minecraft:hay_block":33,"minecraft:red_tulip":4,"minecraft:pink_tulip":1,"minecraft:mutton":4,"minecraft:bone_block":6,"minecraft:skeleton_skull":2,"minecraft:white_wool":2,"minecraft:cobblestone":179,"minecraft:feather":2,"minecraft:lilac":2,"minecraft:salmon":1,"biomesoplenty:fir_log":4,"minecraft:oak_log":7,"minecraft:gunpowder":4,"minecraft:dirt":90,"minecraft:blue_bed":4,"minecraft:white_banner":3,"minecraft:name_tag":1,"naturalist:bass":2,"minecraft:bone":2,"minecraft:stone_bricks":362,"minecraft:apple":1,"minecraft:wheat_seeds":3,"minecraft:iron_ingot":14,"minecraft:stone_pickaxe":1,"minecraft:mossy_stone_bricks":13,"minecraft:oak_planks":1,"minecraft:book":3,"biomesoplenty:toadstool":1,"minecraft:diorite_wall":1,"minecraft:music_disc_13":1,"minecraft:sweet_berries":73,"minecraft:stone_brick_slab":5,"minecraft:stripped_spruce_log":35,"minecraft:spruce_sapling":56,"minecraft:spruce_log":522,"minecraft:lily_of_the_valley":1,"minecraft:spruce_door":1,"minecraft:spider_eye":1,"naturalist:duck_egg":1,"minecraft:pumpkin_seeds":4,"minecraft:purple_bed":1,"naturalist:antler":1,"minecraft:spruce_boat":1,"minecraft:iron_helmet":1,"minecraft:crossbow":2,"minecraft:golden_apple":1,"minecraft:emerald":11,"minecraft:oak_sapling":5,"minecraft:light_gray_carpet":1,"minecraft:sunflower":1},"minecraft:broken":{"minecraft:stone_pickaxe":1,"minecraft:iron_axe":3,"minecraft:iron_pickaxe":2},"minecraft:mined":{"minecraft:dark_oak_planks":3,"minecraft:spruce_planks":6,"minecraft:brewing_stand":1,"gravestone:gravestone":4,"minecraft:grass_block":14,"minecraft:spruce_leaves":27,"minecraft:large_fern":1,"minecraft:hay_block":35,"minecraft:smooth_stone":9,"minecraft:spruce_sapling":3,"biomesoplenty:toadstool":1,"minecraft:iron_ore":3,"minecraft:fire":1,"biomesoplenty:violet":1,"minecraft:stripped_spruce_log":36,"minecraft:bookshelf":1,"minecraft:red_tulip":2,"biomesoplenty:rainbow_birch_leaves":2,"minecraft:deepslate_iron_ore":2,"minecraft:dirt_path":40,"minecraft:pink_tulip":1,"minecraft:white_tulip":2,"minecraft:stone":182,"minecraft:bone_block":6,"minecraft:spruce_slab":1,"minecraft:green_bed":4,"minecraft:podzol":5,"minecraft:light_gray_carpet":2,"minecraft:stone_brick_slab":5,"minecraft:spruce_door":1,"minecraft:crafting_table":3,"minecraft:torch":5,"minecraft:honey_block":1,"biomesoplenty:fir_planks":2,"minecraft:white_stained_glass_pane":1,"minecraft:rose_bush":13,"minecraft:campfire":3,"minecraft:tall_grass":1,"minecraft:cobblestone":2,"biomesoplenty:sprout":31,"minecraft:oak_planks":2,"minecraft:diorite":41,"minecraft:blue_bed":4,"minecraft:wall_torch":2,"minecraft:skeleton_skull":1,"minecraft:spruce_stairs":6,"minecraft:seagrass":2,"minecraft:purple_bed":1,"minecraft:coarse_dirt":2,"minecraft:sweet_berry_bush":31,"minecraft:ice":1,"minecraft:creeper_head":1,"minecraft:lilac":2,"minecraft:spruce_log":502,"minecraft:birch_leaves":3,"minecraft:tnt":14,"minecraft:stone_brick_stairs":12,"biomesoplenty:fir_log":4,"minecraft:smooth_stone_slab":2,"minecraft:grass":40,"minecraft:oak_log":7,"minecraft:diorite_wall":1,"minecraft:sunflower":2,"minecraft:dirt":33,"minecraft:cracked_stone_bricks":7,"minecraft:tripwire_hook":1,"minecraft:stone_bricks":376,"minecraft:mossy_stone_bricks":13,"minecraft:oak_leaves":117,"minecraft:fern":2},"minecraft:killed_by":{"minecraft:player":1,"minecraft:pillager":1,"minecraft:iron_golem":1,"naturalist:coral_snake":1},"minecraft:dropped":{"minecraft:wheat_seeds":2,"minecraft:crossbow":1,"minecraft:feather":2,"minecraft:cracked_stone_bricks":4,"minecraft:emerald":20,"gravestone:obituary":1,"minecraft:string":2,"minecraft:white_wool":1,"minecraft:redstone":3,"minecraft:kelp":1,"minecraft:coarse_dirt":2,"minecraft:rotten_flesh":6,"minecraft:oak_planks":1,"minecraft:pumpkin_seeds":4,"minecraft:poppy":2,"minecraft:gunpowder":4,"minecraft:spruce_planks":1,"minecraft:skeleton_skull":2,"minecraft:mossy_stone_bricks":2,"minecraft:stone_pickaxe":1,"minecraft:red_tulip":4},"minecraft:killed":{"minecraft:spider":1,"minecraft:vindicator":2,"naturalist:duck":1,"minecraft:skeleton":1,"naturalist:deer":1,"naturalist:bass":2,"naturalist:bear":2,"minecraft:zombie_villager":1,"naturalist:firefly":1,"minecraft:salmon":1,"minecraft:iron_golem":3,"minecraft:creeper":1,"minecraft:polar_bear":1,"minecraft:sheep":2,"minecraft:pillager":10,"minecraft:zombie":3},"minecraft:custom":{"minecraft:mob_kills":33,"minecraft:interact_with_crafting_table":31,"minecraft:open_barrel":14,"minecraft:leave_game":10,"minecraft:time_since_death":92296,"minecraft:climb_one_cm":11683,"minecraft:sprint_one_cm":818546,"minecraft:walk_one_cm":513884,"minecraft:damage_blocked_by_shield":618,"minecraft:drop":44,"minecraft:talked_to_villager":1,"minecraft:play_time":312365,"minecraft:sneak_time":8711,"minecraft:deaths":4,"minecraft:walk_under_water_one_cm":18154,"minecraft:boat_one_cm":181958,"minecraft:interact_with_brewingstand":5,"minecraft:jump":8240,"minecraft:interact_with_blast_furnace":6,"minecraft:walk_on_water_one_cm":30148,"minecraft:total_world_time":312365,"minecraft:interact_with_furnace":64,"minecraft:interact_with_stonecutter":2,"minecraft:sleep_in_bed":27,"minecraft:time_since_rest":2333,"minecraft:damage_taken":4111,"minecraft:damage_dealt":9308,"minecraft:player_kills":10,"minecraft:swim_one_cm":90102,"minecraft:fly_one_cm":1819941,"minecraft:open_chest":121,"minecraft:crouch_one_cm":23006,"minecraft:interact_with_smoker":2,"minecraft:fall_one_cm":233603},"minecraft:used":{"minecraft:stone_sword":16,"minecraft:iron_shovel":97,"minecraft:spruce_slab":5,"minecraft:dried_kelp":2,"minecraft:chest":3,"minecraft:spruce_planks":10,"minecraft:shield":16,"minecraft:iron_sword":42,"naturalist:cooked_venison":2,"minecraft:iron_chestplate":1,"minecraft:torch":21,"minecraft:dirt":138,"minecraft:mutton":4,"minecraft:spruce_stairs":13,"minecraft:stripped_spruce_log":86,"minecraft:dark_oak_planks":1,"minecraft:spruce_boat":1,"minecraft:stone_brick_slab":9,"minecraft:iron_axe":698,"minecraft:iron_helmet":1,"minecraft:diorite_wall":7,"minecraft:stone_brick_stairs":18,"minecraft:stone_bricks":262,"naturalist:duck":1,"minecraft:hay_block":10,"minecraft:sweet_berries":67,"minecraft:goat_horn":11,"minecraft:furnace":3,"minecraft:egg":1,"minecraft:golden_axe":21,"naturalist:bass":2,"minecraft:mossy_stone_bricks":2,"minecraft:stone_pickaxe":131,"minecraft:oak_planks":8,"minecraft:wooden_pickaxe":30,"biomesoplenty:fir_planks":10,"minecraft:blue_bed":3,"minecraft:green_bed":4,"naturalist:duck_egg":1,"minecraft:golden_apple":1,"minecraft:white_wool":1,"minecraft:salmon":1,"minecraft:crafting_table":3,"minecraft:crossbow":46,"minecraft:spruce_log":134,"minecraft:apple":11,"minecraft:dark_oak_log":3,"minecraft:spruce_trapdoor":4,"minecraft:iron_pickaxe":506,"minecraft:bread":69,"minecraft:spruce_sapling":22,"biomesoplenty:toadstool":1,"minecraft:stone_axe":105,"minecraft:cobblestone":2,"minecraft:purple_bed":1,"minecraft:bone_meal":13,"minecraft:smooth_stone":18}},"DataVersion":3465}