{"stats":{"minecraft:crafted":{"minecraft:smooth_stone":14,"minecraft:oak_planks":24,"naturalist:cooked_venison":2,"minecraft:stone":89,"minecraft:stone_brick_slab":24,"minecraft:iron_boots":1,"minecraft:chest":3,"minecraft:stone_bricks":96,"minecraft:golden_axe":1,"minecraft:deepslate":14,"minecraft:crafting_table":2,"minecraft:spruce_planks":200,"minecraft:spruce_door":3,"biomesoplenty:fir_planks":16,"minecraft:stone_brick_stairs":28,"minecraft:spruce_trapdoor":30,"minecraft:dark_oak_slab":24,"minecraft:shield":2,"minecraft:stick":16,"minecraft:iron_ingot":5,"minecraft:iron_pickaxe":5,"minecraft:stone_sword":1,"minecraft:tripwire_hook":2,"minecraft:furnace":3,"minecraft:bone_meal":63,"minecraft:spruce_stairs":24,"minecraft:iron_axe":3,"minecraft:spruce_slab":60,"minecraft:stone_pickaxe":1,"minecraft:dark_oak_planks":124,"minecraft:wheat":830,"minecraft:cooked_cod":3,"minecraft:diorite_wall":25,"minecraft:stone_axe":1,"minecraft:bread":279,"minecraft:air":0,"minecraft:iron_shovel":1,"minecraft:torch":28},"minecraft:picked_up":{"minecraft:iron_chestplate":1,"minecraft:wheat":7,"minecraft:creeper_head":1,"minecraft:potion":1,"minecraft:stone_brick_stairs":24,"minecraft:brewing_stand":1,"minecraft:string":4,"minecraft:smooth_stone_slab":2,"minecraft:armor_stand":2,"minecraft:oak_sign":1,"minecraft:smooth_stone":9,"minecraft:cobbled_deepslate":22,"biomesoplenty:fir_planks":2,"minecraft:spruce_planks":7,"minecraft:white_tulip":4,"minecraft:rose_bush":12,"minecraft:stick":23,"minecraft:torch":10,"minecraft:green_bed":5,"minecraft:spruce_stairs":8,"minecraft:pointed_dripstone":12,"minecraft:diorite":77,"minecraft:rotten_flesh":28,"minecraft:red_tulip":4,"minecraft:cobblestone":284,"minecraft:feather":2,"minecraft:lilac":4,"biomesoplenty:fir_log":4,"minecraft:dirt":124,"minecraft:lantern":11,"minecraft:name_tag":1,"minecraft:bone":2,"minecraft:bow":1,"minecraft:wheat_seeds":6,"minecraft:grindstone":1,"minecraft:mossy_stone_bricks":19,"minecraft:oak_planks":1,"biomesoplenty:toadstool":1,"minecraft:diorite_wall":3,"minecraft:music_disc_13":1,"minecraft:stripped_spruce_log":35,"minecraft:lily_of_the_valley":1,"naturalist:duck_egg":1,"naturalist:antler":1,"minecraft:spruce_boat":1,"minecraft:crossbow":3,"minecraft:granite":2,"minecraft:golden_apple":1,"minecraft:emerald":15,"minecraft:oak_sapling":7,"minecraft:light_gray_carpet":1,"minecraft:coarse_dirt":2,"minecraft:charcoal":8,"minecraft:crafting_table":3,"minecraft:azure_bluet":1,"naturalist:venison":2,"minecraft:wooden_pickaxe":1,"minecraft:chain":4,"gravestone:obituary":1,"minecraft:iron_axe":1,"minecraft:cracked_stone_bricks":5,"minecraft:poppy":5,"minecraft:spruce_slab":10,"minecraft:spruce_trapdoor":12,"minecraft:egg":2,"naturalist:duck":1,"minecraft:raw_iron":5,"minecraft:redstone":3,"minecraft:dark_oak_planks":6,"minecraft:tnt":8,"minecraft:arrow":32,"minecraft:hay_block":164,"minecraft:pink_tulip":1,"minecraft:stripped_dark_oak_wood":31,"minecraft:mutton":4,"minecraft:white_wool":2,"minecraft:skeleton_skull":2,"minecraft:bone_block":6,"minecraft:tripwire_hook":1,"minecraft:salmon":1,"minecraft:oak_log":9,"minecraft:gunpowder":6,"minecraft:cobblestone_stairs":8,"minecraft:deepslate_tile_slab":1,"minecraft:blue_bed":4,"minecraft:white_banner":3,"naturalist:bass":2,"minecraft:apple":1,"minecraft:stone_bricks":628,"minecraft:stone_pickaxe":1,"minecraft:iron_ingot":41,"minecraft:book":3,"minecraft:dark_oak_slab":1,"minecraft:sweet_berries":73,"minecraft:stone_brick_slab":5,"minecraft:dripstone_block":12,"minecraft:spruce_sapling":57,"minecraft:spruce_log":522,"minecraft:spider_eye":1,"minecraft:spruce_door":1,"minecraft:pumpkin_seeds":4,"minecraft:purple_bed":1,"minecraft:iron_helmet":1,"minecraft:coal":34,"minecraft:sunflower":1},"minecraft:broken":{"minecraft:stone_pickaxe":1,"minecraft:golden_axe":1,"minecraft:iron_axe":4,"minecraft:iron_pickaxe":4},"minecraft:mined":{"minecraft:dark_oak_planks":7,"minecraft:spruce_planks":10,"minecraft:cobblestone_stairs":8,"minecraft:brewing_stand":1,"minecraft:spruce_trapdoor":5,"minecraft:granite":2,"minecraft:grass_block":23,"minecraft:smooth_stone":9,"minecraft:iron_ore":3,"minecraft:fire":1,"biomesoplenty:violet":1,"minecraft:stripped_dark_oak_wood":31,"minecraft:azure_bluet":1,"minecraft:red_tulip":2,"minecraft:pointed_dripstone":5,"minecraft:dirt_path":40,"biomesoplenty:webbing":8,"minecraft:pink_tulip":1,"minecraft:spruce_slab":7,"minecraft:green_bed":5,"biomesoplenty:hanging_cobweb_strand":1,"minecraft:torch":8,"minecraft:white_stained_glass_pane":1,"minecraft:cobblestone":19,"minecraft:grindstone":1,"minecraft:oak_planks":2,"minecraft:wall_torch":4,"minecraft:skeleton_skull":1,"minecraft:seagrass":2,"minecraft:chain":4,"minecraft:dark_oak_slab":1,"minecraft:lilac":3,"minecraft:tnt":14,"biomesoplenty:fir_log":4,"minecraft:stone_brick_stairs":24,"minecraft:smooth_stone_slab":2,"minecraft:grass":56,"minecraft:oak_log":8,"minecraft:diorite_wall":3,"minecraft:dirt":40,"minecraft:tripwire_hook":2,"minecraft:oak_leaves":120,"minecraft:deepslate":2,"minecraft:red_carpet":1,"gravestone:gravestone":5,"minecraft:spruce_leaves":32,"minecraft:large_fern":1,"minecraft:hay_block":106,"minecraft:spruce_sapling":3,"biomesoplenty:toadstool":1,"minecraft:andesite":1,"minecraft:stripped_spruce_log":36,"minecraft:bookshelf":1,"biomesoplenty:rainbow_birch_leaves":2,"minecraft:deepslate_iron_ore":2,"minecraft:lantern":11,"minecraft:stone":265,"minecraft:white_tulip":2,"minecraft:bone_block":6,"minecraft:podzol":7,"minecraft:light_gray_carpet":2,"minecraft:stone_brick_slab":5,"minecraft:spruce_door":1,"minecraft:crafting_table":3,"minecraft:honey_block":1,"biomesoplenty:fir_planks":2,"minecraft:rose_bush":13,"minecraft:campfire":4,"minecraft:tall_grass":1,"biomesoplenty:sprout":42,"minecraft:lapis_ore":1,"minecraft:diorite":77,"minecraft:blue_bed":4,"minecraft:spruce_stairs":8,"minecraft:purple_bed":1,"minecraft:coarse_dirt":2,"minecraft:creeper_head":1,"minecraft:sweet_berry_bush":31,"minecraft:ice":1,"minecraft:spruce_log":502,"minecraft:birch_leaves":3,"minecraft:coal_ore":33,"minecraft:sunflower":2,"minecraft:gravel":1,"minecraft:dripstone_block":1,"biomesoplenty:stringy_cobweb":2,"minecraft:cracked_stone_bricks":10,"minecraft:stone_bricks":644,"minecraft:mossy_stone_bricks":19,"minecraft:fern":2},"minecraft:killed_by":{"minecraft:pillager":1,"minecraft:player":1,"minecraft:iron_golem":1,"naturalist:coral_snake":1},"minecraft:dropped":{"minecraft:crossbow":1,"minecraft:cracked_stone_bricks":4,"minecraft:emerald":20,"gravestone:obituary":1,"minecraft:white_wool":1,"minecraft:pointed_dripstone":12,"minecraft:rotten_flesh":14,"minecraft:oak_planks":1,"minecraft:azure_bluet":1,"minecraft:poppy":3,"minecraft:gunpowder":4,"minecraft:skeleton_skull":2,"minecraft:spruce_slab":1,"minecraft:bread":40,"minecraft:wheat_seeds":5,"minecraft:lilac":2,"minecraft:dripstone_block":8,"minecraft:feather":2,"minecraft:cobblestone":12,"minecraft:spruce_door":1,"minecraft:string":2,"minecraft:redstone":3,"minecraft:kelp":1,"minecraft:coarse_dirt":2,"minecraft:pumpkin_seeds":4,"minecraft:spruce_planks":1,"minecraft:spruce_trapdoor":11,"minecraft:mossy_stone_bricks":2,"minecraft:oak_sapling":2,"minecraft:spider_eye":1,"minecraft:stone_pickaxe":1,"minecraft:red_tulip":4},"minecraft:killed":{"minecraft:spider":1,"minecraft:skeleton":8,"minecraft:skeleton_horse":1,"minecraft:zombie_villager":1,"naturalist:firefly":1,"minecraft:salmon":1,"minecraft:iron_golem":3,"minecraft:creeper":3,"minecraft:sheep":2,"minecraft:pillager":20,"minecraft:zombie":19,"minecraft:vindicator":3,"naturalist:duck":1,"naturalist:coral_snake":1,"naturalist:deer":1,"naturalist:bass":2,"naturalist:bear":2,"minecraft:polar_bear":1},"minecraft:custom":{"minecraft:interact_with_crafting_table":57,"minecraft:open_barrel":14,"minecraft:leave_game":10,"minecraft:time_since_death":130699,"minecraft:sprint_one_cm":1301153,"minecraft:damage_blocked_by_shield":698,"minecraft:drop":61,"minecraft:talked_to_villager":1,"minecraft:play_time":497938,"minecraft:deaths":5,"minecraft:jump":13362,"minecraft:interact_with_brewingstand":6,"minecraft:walk_on_water_one_cm":31342,"minecraft:interact_with_furnace":80,"minecraft:sleep_in_bed":34,"minecraft:damage_dealt":16935,"minecraft:player_kills":10,"minecraft:crouch_one_cm":34616,"minecraft:interact_with_smoker":2,"minecraft:horse_one_cm":130571,"minecraft:mob_kills":71,"minecraft:climb_one_cm":17323,"minecraft:walk_one_cm":835821,"minecraft:sneak_time":13834,"minecraft:walk_under_water_one_cm":18297,"minecraft:boat_one_cm":181958,"minecraft:interact_with_lectern":1,"minecraft:interact_with_blast_furnace":6,"minecraft:total_world_time":497938,"minecraft:raid_trigger":1,"minecraft:interact_with_stonecutter":8,"minecraft:time_since_rest":5364,"minecraft:damage_taken":6120,"minecraft:swim_one_cm":90690,"minecraft:fly_one_cm":2882289,"minecraft:open_chest":191,"minecraft:fall_one_cm":379557},"minecraft:used":{"minecraft:iron_shovel":97,"minecraft:spruce_slab":33,"minecraft:chest":3,"minecraft:shield":20,"minecraft:iron_sword":192,"minecraft:iron_chestplate":2,"naturalist:cooked_venison":2,"minecraft:mutton":4,"minecraft:stripped_spruce_log":86,"minecraft:spruce_boat":1,"minecraft:lantern":8,"minecraft:iron_helmet":2,"minecraft:dark_oak_slab":10,"minecraft:diorite_wall":25,"minecraft:stone_brick_stairs":55,"minecraft:stone_bricks":367,"naturalist:duck":1,"minecraft:hay_block":10,"minecraft:sweet_berries":93,"minecraft:furnace":3,"minecraft:cooked_cod":3,"minecraft:egg":1,"minecraft:deepslate_brick_wall":2,"minecraft:mossy_stone_bricks":7,"minecraft:spruce_door":3,"minecraft:stone_pickaxe":131,"minecraft:oak_planks":8,"minecraft:wooden_pickaxe":30,"biomesoplenty:fir_planks":10,"minecraft:blue_bed":3,"naturalist:duck_egg":1,"minecraft:white_wool":1,"minecraft:golden_apple":1,"minecraft:crossbow":55,"minecraft:dark_oak_log":3,"minecraft:bread":121,"minecraft:grindstone":1,"minecraft:bone_meal":13,"minecraft:stone_sword":16,"minecraft:dried_kelp":2,"minecraft:spruce_planks":10,"minecraft:torch":26,"minecraft:dirt":214,"minecraft:spruce_stairs":23,"minecraft:stone_brick_slab":24,"minecraft:dark_oak_planks":5,"minecraft:iron_axe":745,"minecraft:tripwire_hook":2,"minecraft:goat_horn":11,"minecraft:golden_axe":30,"naturalist:bass":2,"minecraft:water_bucket":9,"minecraft:cobblestone_stairs":10,"minecraft:green_bed":4,"minecraft:salmon":1,"minecraft:tnt":8,"minecraft:crafting_table":4,"minecraft:spruce_log":134,"minecraft:apple":11,"minecraft:iron_pickaxe":1019,"minecraft:spruce_trapdoor":29,"minecraft:spruce_sapling":22,"biomesoplenty:toadstool":1,"minecraft:stone_axe":105,"minecraft:cobblestone":98,"minecraft:purple_bed":1,"minecraft:bucket":8,"minecraft:smooth_stone":18}},"DataVersion":3465}