{"stats":{"minecraft:broken":{"minecraft:iron_shovel":1,"minecraft:iron_leggings":1,"minecraft:stone_pickaxe":1,"minecraft:iron_sword":1,"minecraft:golden_axe":1,"minecraft:iron_axe":7,"minecraft:iron_pickaxe":5},"minecraft:mined":{"minecraft:dark_oak_planks":7,"minecraft:spruce_planks":26,"minecraft:cobblestone_stairs":8,"minecraft:brewing_stand":1,"minecraft:carved_pumpkin":1,"minecraft:spruce_trapdoor":9,"minecraft:granite":2,"minecraft:deepslate_tile_wall":3,"minecraft:grass_block":100,"minecraft:smooth_stone":9,"biomesoplenty:tall_lavender":1,"minecraft:iron_ore":3,"minecraft:fire":1,"biomesoplenty:violet":1,"minecraft:pumpkin":5,"minecraft:stripped_dark_oak_wood":31,"minecraft:azure_bluet":1,"minecraft:pointed_dripstone":5,"minecraft:red_tulip":3,"minecraft:dirt_path":40,"biomesoplenty:webbing":8,"minecraft:pink_tulip":4,"minecraft:spruce_slab":15,"minecraft:green_bed":5,"biomesoplenty:hanging_cobweb_strand":1,"minecraft:torch":9,"minecraft:poppy":1,"minecraft:white_stained_glass_pane":1,"minecraft:cobblestone":49,"minecraft:grindstone":1,"minecraft:oak_planks":7,"minecraft:wall_torch":4,"minecraft:skeleton_skull":1,"minecraft:seagrass":2,"minecraft:chain":4,"minecraft:dark_oak_slab":1,"minecraft:lilac":5,"biomesoplenty:maple_sapling":1,"biomesoplenty:maple_leaves":7,"minecraft:tnt":14,"biomesoplenty:fir_log":4,"minecraft:stone_brick_stairs":32,"minecraft:smooth_stone_slab":2,"minecraft:grass":85,"minecraft:oak_log":119,"minecraft:diorite_wall":17,"minecraft:sand":79,"minecraft:dirt":62,"minecraft:tripwire_hook":2,"minecraft:oak_leaves":122,"minecraft:deepslate":16,"minecraft:red_carpet":1,"minecraft:jack_o_lantern":2,"gravestone:gravestone":8,"minecraft:spruce_leaves":45,"biomesoplenty:dune_grass":2,"minecraft:large_fern":1,"minecraft:hay_block":160,"minecraft:oak_trapdoor":2,"minecraft:spruce_sapling":4,"biomesoplenty:toadstool":1,"minecraft:dark_oak_fence_gate":1,"minecraft:andesite":1,"minecraft:stripped_spruce_log":84,"biomesoplenty:sea_oats":8,"minecraft:bookshelf":1,"biomesoplenty:high_grass":7,"biomesoplenty:rainbow_birch_leaves":2,"minecraft:deepslate_iron_ore":2,"minecraft:lantern":17,"minecraft:bamboo":37,"minecraft:stone":401,"minecraft:white_tulip":2,"minecraft:bone_block":20,"minecraft:podzol":124,"minecraft:light_gray_carpet":2,"minecraft:scaffolding":88,"minecraft:glass_pane":1,"minecraft:lily_of_the_valley":2,"minecraft:stone_brick_slab":6,"minecraft:spruce_door":1,"minecraft:crafting_table":3,"minecraft:honey_block":1,"biomesoplenty:fir_planks":2,"minecraft:rose_bush":13,"minecraft:campfire":4,"biomesoplenty:high_grass_plant":8,"minecraft:tall_grass":3,"biomesoplenty:sprout":48,"minecraft:lapis_ore":1,"minecraft:diorite":129,"minecraft:blue_bed":4,"minecraft:spruce_stairs":14,"minecraft:purple_bed":1,"minecraft:coarse_dirt":2,"minecraft:sweet_berry_bush":31,"minecraft:ice":1,"minecraft:creeper_head":1,"minecraft:spruce_log":817,"minecraft:birch_leaves":3,"minecraft:coal_ore":33,"minecraft:sunflower":3,"minecraft:gravel":1,"minecraft:dripstone_block":1,"biomesoplenty:stringy_cobweb":2,"minecraft:cracked_stone_bricks":10,"minecraft:stone_bricks":692,"minecraft:mossy_stone_bricks":19,"minecraft:fern":2},"minecraft:custom":{"minecraft:interact_with_crafting_table":89,"minecraft:open_barrel":14,"minecraft:leave_game":16,"minecraft:time_since_death":34189,"minecraft:sprint_one_cm":2320450,"minecraft:damage_blocked_by_shield":788,"minecraft:drop":86,"minecraft:talked_to_villager":2,"minecraft:play_time":880491,"minecraft:deaths":8,"minecraft:jump":22351,"minecraft:interact_with_brewingstand":6,"minecraft:walk_on_water_one_cm":35516,"minecraft:interact_with_furnace":108,"minecraft:sleep_in_bed":52,"minecraft:damage_dealt":21710,"minecraft:player_kills":14,"minecraft:crouch_one_cm":71736,"minecraft:interact_with_smoker":4,"minecraft:horse_one_cm":130571,"minecraft:mob_kills":97,"minecraft:climb_one_cm":84348,"minecraft:walk_one_cm":1515623,"minecraft:sneak_time":28161,"minecraft:walk_under_water_one_cm":20852,"minecraft:boat_one_cm":181958,"minecraft:interact_with_lectern":1,"minecraft:interact_with_blast_furnace":16,"minecraft:total_world_time":880491,"minecraft:raid_trigger":1,"minecraft:interact_with_grindstone":2,"minecraft:interact_with_stonecutter":19,"minecraft:time_since_rest":32477,"minecraft:damage_taken":11035,"minecraft:swim_one_cm":105190,"minecraft:fly_one_cm":4853641,"minecraft:open_chest":389,"minecraft:fall_one_cm":659765},"minecraft:used":{"minecraft:writable_book":2,"minecraft:iron_shovel":351,"minecraft:spruce_slab":64,"minecraft:poppy":3,"minecraft:chest":4,"minecraft:shield":23,"minecraft:iron_sword":256,"minecraft:iron_chestplate":2,"naturalist:cooked_venison":2,"minecraft:mutton":4,"minecraft:lily_of_the_valley":3,"minecraft:stripped_spruce_log":134,"minecraft:spruce_boat":1,"minecraft:lantern":17,"minecraft:iron_helmet":2,"minecraft:dark_oak_slab":10,"minecraft:diorite_wall":99,"minecraft:stone_brick_stairs":125,"minecraft:stone_bricks":559,"naturalist:duck":1,"minecraft:bow":2,"minecraft:hay_block":10,"minecraft:sweet_berries":93,"minecraft:scaffolding":154,"minecraft:furnace":6,"minecraft:cooked_cod":3,"minecraft:egg":1,"minecraft:deepslate_brick_wall":6,"minecraft:dark_oak_stairs":2,"minecraft:mossy_stone_bricks":7,"minecraft:spruce_door":3,"minecraft:stone_pickaxe":131,"minecraft:oak_planks":161,"minecraft:wooden_pickaxe":30,"biomesoplenty:fir_planks":10,"minecraft:blue_bed":3,"naturalist:duck_egg":1,"minecraft:white_wool":1,"minecraft:golden_apple":1,"minecraft:crossbow":63,"minecraft:dark_oak_log":3,"minecraft:bread":240,"minecraft:deepslate":14,"minecraft:grindstone":1,"minecraft:bone_meal":189,"minecraft:oak_trapdoor":8,"minecraft:stone_sword":16,"minecraft:dried_kelp":2,"minecraft:spruce_planks":185,"minecraft:torch":29,"minecraft:dirt":489,"minecraft:spruce_stairs":81,"biomesoplenty:maple_sapling":1,"minecraft:dark_oak_planks":5,"minecraft:stone_brick_slab":37,"minecraft:red_tulip":1,"travelersbackpack:gold":2,"minecraft:iron_axe":1611,"minecraft:bamboo":34,"minecraft:tripwire_hook":2,"minecraft:goat_horn":11,"minecraft:golden_axe":30,"naturalist:bass":2,"minecraft:water_bucket":9,"minecraft:pink_tulip":2,"minecraft:cobblestone_stairs":10,"minecraft:green_bed":5,"minecraft:salmon":1,"minecraft:tnt":8,"minecraft:crafting_table":5,"minecraft:dark_oak_fence_gate":3,"minecraft:spruce_log":327,"minecraft:deepslate_tile_wall":9,"minecraft:oak_log":23,"minecraft:apple":12,"minecraft:sunflower":1,"minecraft:iron_pickaxe":1352,"minecraft:map":1,"minecraft:spruce_trapdoor":80,"minecraft:spruce_sapling":76,"biomesoplenty:toadstool":1,"minecraft:stone_axe":105,"minecraft:cobblestone":249,"minecraft:purple_bed":1,"minecraft:bucket":8,"minecraft:glass_pane":36,"minecraft:smooth_stone":18},"minecraft:killed":{"naturalist:rattlesnake":1,"minecraft:spider":3,"naturalist:snail":1,"minecraft:skeleton":10,"minecraft:skeleton_horse":1,"minecraft:zombie_villager":1,"naturalist:firefly":1,"minecraft:salmon":1,"minecraft:iron_golem":3,"minecraft:creeper":6,"minecraft:sheep":2,"minecraft:pillager":24,"minecraft:zombie":27,"minecraft:vindicator":4,"naturalist:duck":1,"naturalist:coral_snake":1,"naturalist:deer":1,"naturalist:bass":2,"naturalist:bear":2,"minecraft:polar_bear":1,"naturalist:finch":2,"minecraft:villager":1},"minecraft:picked_up":{"minecraft:iron_chestplate":1,"minecraft:wheat":7,"minecraft:creeper_head":1,"minecraft:potion":1,"minecraft:stone_brick_stairs":32,"minecraft:brewing_stand":1,"minecraft:string":24,"minecraft:smooth_stone_slab":2,"minecraft:armor_stand":2,"minecraft:oak_sign":1,"minecraft:cobbled_deepslate":36,"minecraft:smooth_stone":9,"biomesoplenty:fir_planks":2,"minecraft:spruce_planks":22,"minecraft:white_tulip":4,"minecraft:rose_bush":12,"minecraft:deepslate_tile_wall":3,"minecraft:furnace":3,"minecraft:stick":29,"minecraft:torch":13,"minecraft:green_bed":6,"minecraft:spruce_stairs":13,"minecraft:pointed_dripstone":12,"minecraft:diorite":130,"minecraft:rotten_flesh":36,"minecraft:red_tulip":5,"minecraft:carved_pumpkin":1,"minecraft:cobblestone":449,"minecraft:feather":2,"minecraft:lilac":10,"biomesoplenty:fir_log":4,"minecraft:lantern":20,"minecraft:dirt":335,"minecraft:name_tag":1,"minecraft:glass":52,"minecraft:bone":2,"minecraft:bow":3,"minecraft:wheat_seeds":7,"minecraft:grindstone":1,"minecraft:mossy_stone_bricks":19,"minecraft:bamboo":176,"minecraft:oak_planks":6,"biomesoplenty:toadstool":1,"minecraft:diorite_wall":15,"minecraft:music_disc_13":1,"minecraft:sand":79,"minecraft:stripped_spruce_log":83,"minecraft:lily_of_the_valley":3,"naturalist:duck_egg":1,"naturalist:antler":1,"minecraft:spruce_boat":1,"minecraft:crossbow":3,"minecraft:granite":2,"minecraft:golden_apple":1,"minecraft:bread":1,"minecraft:emerald":17,"minecraft:jack_o_lantern":2,"minecraft:oak_sapling":7,"minecraft:light_gray_carpet":1,"minecraft:crafting_table":3,"minecraft:charcoal":8,"minecraft:coarse_dirt":2,"minecraft:azure_bluet":1,"naturalist:venison":2,"minecraft:wooden_pickaxe":1,"minecraft:chain":4,"gravestone:obituary":3,"minecraft:shield":1,"minecraft:oak_trapdoor":2,"minecraft:iron_axe":2,"minecraft:cracked_stone_bricks":5,"minecraft:poppy":6,"minecraft:spruce_slab":18,"minecraft:spruce_trapdoor":17,"minecraft:egg":3,"minecraft:raw_iron":5,"naturalist:duck":1,"minecraft:redstone":3,"minecraft:dark_oak_planks":6,"minecraft:tnt":8,"minecraft:arrow":48,"minecraft:hay_block":217,"minecraft:pink_tulip":4,"minecraft:stripped_dark_oak_wood":31,"minecraft:mutton":4,"minecraft:white_wool":2,"minecraft:skeleton_skull":2,"minecraft:bone_block":20,"minecraft:tripwire_hook":2,"minecraft:salmon":1,"minecraft:oak_log":119,"minecraft:gunpowder":6,"minecraft:cobblestone_stairs":8,"minecraft:deepslate_tile_slab":1,"minecraft:blue_bed":4,"minecraft:white_banner":3,"naturalist:bass":2,"minecraft:apple":1,"minecraft:stone_bricks":677,"minecraft:stone_pickaxe":1,"minecraft:iron_ingot":41,"minecraft:book":3,"minecraft:scaffolding":147,"minecraft:dark_oak_slab":1,"minecraft:pumpkin":1,"minecraft:sweet_berries":73,"minecraft:stone_brick_slab":6,"minecraft:dripstone_block":12,"minecraft:spruce_sapling":88,"minecraft:spruce_log":883,"minecraft:spruce_door":1,"minecraft:dark_oak_fence_gate":1,"minecraft:spider_eye":1,"minecraft:pumpkin_seeds":4,"biomesoplenty:maple_sapling":2,"minecraft:purple_bed":1,"minecraft:iron_helmet":1,"minecraft:coal":58,"minecraft:sunflower":2},"minecraft:killed_by":{"minecraft:pillager":1,"minecraft:player":4,"minecraft:iron_golem":1,"naturalist:coral_snake":1},"minecraft:dropped":{"minecraft:crossbow":1,"minecraft:lantern":3,"minecraft:cracked_stone_bricks":4,"minecraft:emerald":20,"minecraft:dirt":24,"gravestone:obituary":2,"minecraft:white_wool":1,"minecraft:pointed_dripstone":12,"minecraft:rotten_flesh":17,"minecraft:oak_planks":1,"minecraft:azure_bluet":1,"minecraft:poppy":3,"minecraft:gunpowder":4,"minecraft:skeleton_skull":2,"minecraft:spruce_slab":1,"minecraft:scaffolding":50,"minecraft:bread":46,"minecraft:wheat_seeds":6,"minecraft:lilac":2,"minecraft:dripstone_block":8,"minecraft:feather":2,"minecraft:cobblestone":12,"minecraft:spruce_door":1,"minecraft:string":4,"minecraft:tripwire_hook":1,"minecraft:redstone":3,"minecraft:pink_tulip":1,"minecraft:kelp":1,"minecraft:coarse_dirt":2,"minecraft:pumpkin_seeds":4,"minecraft:shield":1,"minecraft:spruce_planks":1,"minecraft:spruce_trapdoor":11,"minecraft:mossy_stone_bricks":2,"minecraft:oak_sapling":2,"minecraft:stone_bricks":1,"minecraft:spider_eye":1,"minecraft:stone_pickaxe":1,"minecraft:bow":2,"minecraft:red_tulip":4},"minecraft:crafted":{"minecraft:smooth_stone":14,"minecraft:oak_planks":288,"naturalist:cooked_venison":2,"minecraft:stone":89,"minecraft:glass":28,"minecraft:stone_brick_slab":66,"minecraft:iron_boots":1,"minecraft:chest":4,"minecraft:stone_bricks":96,"minecraft:golden_axe":1,"minecraft:deepslate":14,"minecraft:crafting_table":3,"minecraft:spruce_planks":628,"minecraft:spruce_door":3,"biomesoplenty:fir_planks":16,"minecraft:stone_brick_stairs":64,"minecraft:spruce_trapdoor":90,"minecraft:dark_oak_slab":24,"minecraft:shield":2,"minecraft:stick":20,"minecraft:iron_pickaxe":6,"minecraft:iron_ingot":5,"minecraft:stone_sword":1,"minecraft:dark_oak_fence_gate":2,"minecraft:tripwire_hook":2,"minecraft:furnace":3,"minecraft:bone_meal":189,"minecraft:glass_pane":64,"minecraft:oak_trapdoor":8,"minecraft:scaffolding":132,"minecraft:spruce_stairs":84,"minecraft:iron_axe":8,"minecraft:spruce_slab":60,"minecraft:stone_pickaxe":1,"minecraft:dark_oak_planks":124,"minecraft:wheat":1307,"minecraft:cooked_cod":3,"minecraft:dark_oak_stairs":8,"minecraft:diorite_wall":49,"minecraft:stone_axe":1,"minecraft:bread":438,"minecraft:air":0,"minecraft:iron_shovel":2,"minecraft:torch":28}},"DataVersion":3465}